Steve Lukather,bassGuitar,S10000,CO0576,RO0013,,Adam Levine,CO0001,,acousticGuitar,RO0001,,,Global,M0001,,222 Records,RL0001,,M0001,RL0021,S10000, 2008-02-08 00:00:00,Epic,Beat it,Global
Bill Wolfer,keyboard,S10000,CO0061,RO0044,,Adele Adkins,CO0002,,additionalEngineer,RO0002,,,Japan,M0002,,Aftermath,RL0002,,M0001,RL0025,S10001, 2017-02-01 00:00:00,Interscope,Believer,Global
Steve Porcaro,synthesizer,S10000,CO0578,RO0076,,Adora,CO0003,,additionalKeyboard,RO0003,,,United Kingdom,M0003,,American Recordings,RL0003,,M0001,RL0015,S10002, 1996-02-13 00:00:00,Death Row Records,All Eyez On Me,Global
Greg Philinganes,synthesizer,S10000,CO0216,RO0076,,Agluba,CO0004,,additionalProducer,RO0004,,,United States,M0004,,Arista,RL0004,,M0001,RL0029,S10003, 1990-05-07 00:00:00,Mute,Policy of Truth,Global
Greg Smith,synthesizer,S10000,CO0217,RO0076,,Al Sanderson,CO0005,,additionalVoice,RO0005,,,,,,Arts & Crafts,RL0005,,M0001,RL0005,S10004, 2010-01-26 00:00:00,Arts & Crafts,Romance Is Boring,Global
Michael Jackson,lyricist,S10000,CO0424,RO0049,,Alan Gregorie,CO0006,,assistantEngineer,RO0006,,,,,,Asylum,RL0006,,M0001,RL0038,S10005, 2012-10-05 00:00:00,XL Recordings,Skyfall,Global
Paul Jackson Jr.,rhythmGuitar,S10000,CO0479,RO0065,,Alan Parsons,CO0007,,assistantMixingEngineer,RO0007,,,,,,Atlantic,RL0007,,M0001,RL0002,S10006, 2000-11-20 00:00:00,Aftermath,Stan,Global
Tom Bahler,synclavier,S10000,CO0603,RO0074,,Alan Wilder,CO0008,,assistantOrchestraContractor,RO0008,,,,,,BOYS DON'T CRY,RL0008,,M0001,RL0025,S10007, 2012-10-29 00:00:00,Interscope,Radioactive,Global
Jeff Porcaro,drum,S10000,CO0279,RO0028,,Aleksandra Campesinos!,CO0009,,associateProducer,RO0009,,,,,,Big Machine,RL0009,,M0001,RL0028,S10008, 2013-01-08 00:00:00,Mosley,If I Lose Myself,Global
Michael Jackson,leadVoice,S10000,CO0424,RO0047,,Alessandro Lindblad,CO0010,,audioEngineer,RO0010,,,,,,BigHit Entertainment,RL0010,,M0001,RL0033,S10009, 2019-08-30 00:00:00,Republic Records,Circles,Global
Garmaise,dataSanitization,S10000,CO0202,RO0024,,Alesso Kevins,CO0011,,backgroundVoice,RO0011,,,,,,Blue Note,RL0011,,M0001,RL0027,S10010, 2001-08-22 00:00:00,Marvelous Entertainment,Escape from the City,Global
Quincy Jones,producer,S10000,CO0504,RO0062,,Alex Giannascoli,CO0012,,bass,RO0012,,,,,,Capitol,RL0012,,M0001,RL0033,S10011, 2021-10-12 00:00:00,Republic Records,All Too Well (10 Minute Version)(Taylor's Version)[From The Vault],Global
Eddie Van Halen,electricGuitar,S10000,CO0169,RO0031,,Alex Prieto,CO0013,,bassGuitar,RO0013,,,,,,Columbia,RL0013,,M0001,RL0021,S10012, 1986-02-14 00:00:00,Epic,The Final Countdown,Global
Agluba,dataCollection,S10000,CO0004,RO0023,,Alex Resoagli,CO0014,,brass,RO0014,,,,,,Crown Record,RL0014,,M0001,RL0028,S10013, 2013-06-14 00:00:00,Mosley,Counting Stars,Global
Dan Reynolds,leadVoice,S10001,CO0117,RO0047,,Alex Turner,CO0015,,cello,RO0015,,,,,,Death Row Records,RL0015,,M0001,RL0012,S10014, 1965-08-06 00:00:00,Capitol,Yesterday,Global
Ben McKee,lyricist,S10001,CO0055,RO0049,,Alex Williams,CO0016,,chimes,RO0016,,,,,,Distinct'ive Breaks,RL0016,,M0001,RL0001,S10015, 2014-01-13 00:00:00,222 Records,Sugar,Global
Daniel Platzman,lyricist,S10001,CO0117,RO0049,,Alexander Deveman,CO0017,,choir,RO0017,,,,,,Domino,RL0017,,M0003,RL0019,S10016, 1975-10-31 00:00:00,EMI,Bohemian Rhapsody,United Kingdom
Dan Reynolds,lyricist,S10001,CO0117,RO0049,,Alexander Grant,CO0018,,choirArranger,RO0018,,,,,,Dualtone Records,RL0018,,M0001,RL0002,S10017, 2020-03-05 00:00:00,Aftermath,Leave the Door Open,Global
Wayne Sermon,lyricist,S10001,CO0628,RO0049,,Alexander Grimes,CO0019,,choirMaster,RO0019,,,,,,EMI,RL0019,,M0001,RL0031,S10018, 1987-02-08 00:00:00,Profile Records,,Global
Justin Tranter,lyricist,S10001,CO0326,RO0049,,Ali Tamposi,CO0020,,co-producer,RO0020,,,,,,Elektra Records,RL0020,,M0001,RL0007,S10019, 2015-08-31 00:00:00,Big Machine,Wildest Dreams,Global
Mattias Larsson,lyricist,S10001,CO0413,RO0049,,Alka Ajith,CO0021,,composer,RO0021,,,,,,Epic,RL0021,,M0001,RL0006,S10020, 2017-09-26 00:00:00,Asylum,Perfect,Global
Robin Fredriksson,lyricist,S10001,CO0526,RO0049,,Alka Yagnik,CO0022,,conductor,RO0022,,,,,,Fearless Records,RL0022,,M0002,RL0014,S10021, 2014-08-12 00:00:00,Crown Record,Thrill,Japan
Garmaise,dataSanitization,S10001,CO0202,RO0024,,Allen Sides,CO0023,,dataCollection,RO0023,,,,,,Grade A Productions,RL0023,,M0004,RL0014,S10021, 2014-08-12 00:00:00,Crown Record,Thrill,United States
Mattias Per Larsson,producer,S10001,CO0414,RO0062,,Alvin McGill,CO0024,,dataSanitization,RO0024,,,,,,Hollywood Records,RL0024,,M0001,RL0004,S10022, 1977-08-01 00:00:00,Arista,I Wouldn't Want to Be Like You,Global
Robin Lennart Fredriksson,producer,S10001,CO0527,RO0062,,Amirbai Karnataki,CO0025,,digitalEditing,RO0025,,,,,,Interscope,RL0025,,M0001,RL0025,S10023, 1999-05-04 00:00:00,Interscope,All Star,Global
Atamnia,dataCollection,S10001,CO0047,RO0023,,Ammo,CO0026,,director,RO0026,,,,,,Malavika,RL0026,,M0001,RL0034,S10024, 2019-10-15 00:00:00,Republic Rercords,Take What You Want,Global
Tupac Amaru Shakur,lyricist,S10002,CO0617,RO0049,,Amos Heller,CO0027,,doubleBass,RO0027,,,,,,Marvelous Entertainment,RL0027,,M0001,RL0032,S10025, 2008-06-16 00:00:00,Relentless,Ain't No Rest For The Wicked,Global
Tyruss Himes,lyricist,S10002,CO0619,RO0049,,Ander Young,CO0028,,drum,RO0028,,,,,,Mosley,RL0028,,M0001,RL0041,S10026, 2021-05-09 09:00:00,ZTM Collections,Find You,Global
Johnny Lee Jackson,lyricist,S10002,CO0315,RO0049,,Anderson Park,CO0029,,drumMachine,RO0029,,,,,,Mute,RL0029,,M0001,RL0002,S10027, 2000-04-18 00:00:00,Aftermath,The Real Slim Shady,Global
James Preston Pennington,lyricist,S10002,CO0264,RO0049,,Andre Owen,CO0030,,drumProgramming,RO0030,,,,,,Parlophone,RL0030,,M0001,RL0026,S10028, 2015-03-10 00:00:00,Malavika,See you again,Global
Tupac Amaru Shakur,composer,S10002,CO0617,RO0019,,Andrea Vogt,CO0031,,electricGuitar,RO0031,,,,,,Profile Records,RL0031,,M0001,RL0039,S10029, 2020-12-04 00:00:00,XO,Blinding Lights,Global
Dave Aron,mixingEngineer,S10002,CO0117,RO0054,,Andrew Cedar,CO0032,,engineer,RO0032,,,,,,Relentless,RL0032,,M0001,RL0028,S10030, 2017-07-12 00:00:00,Mosley,Let Me Go,Global
Johnny Lee Jackson,mixingEngineer,S10002,CO0315,RO0054,,Andrew Fletcher,CO0033,,executiveProducer,RO0033,,,,,,Republic Records,RL0033,,M0001,RL0040,S10031, 2018-12-19 00:00:00,Young Money,God's Plan,Global
Tyruss Himes,backgroundVoice,S10002,CO0619,RO0011,,Andrew Watt,CO0034,,fiddle,RO0034,,,,,,Republic Rercords,RL0034,,M0001,RL0011,S10032, 2002-01-28 00:00:00,Blue Note,Don't know why,Global
Drew Brown,rhythmGuitar,S10002,CO0166,RO0065,,Andrew Wotman,CO0035,,flugelHorn,RO0035,,,,,,Roc-A-Fella Reccords,RL0035,,M0001,RL0007,S10033, 1971-11-08 00:00:00,Atlantic,Stairway To Heaven,Global
Rick Clifford,engineer,S10002,CO0516,RO0032,,Andy Chatterley,CO0036,,flute,RO0036,,,,,,Rostrum Records,RL0036,,M0001,RL0018,S10034, 2016-02-05 00:00:00,Dualtone Records,Ophelia,Global
Tupac Amaru Shakur,leadVoice,S10002,CO0617,RO0047,,Andy Johns,CO0037,,glockenspiel,RO0037,,,,,,Walt Disney,RL0037,,M0001,RL0035,S10035, 2007-09-11 00:00:00,Roc-A-Fella Reccords,,Global
Alvin McGill,assistantEngineer,S10002,CO0024,RO0006,,Andy Wallace,CO0038,,gong,RO0038,,,,,,XL Recordings,RL0038,,M0001,RL0016,S10036, 1999-06-28 00:00:00,Distinct'ive Breaks,Finished Symphony,Global
Garmaise,dataSanitization,S10002,CO0202,RO0024,,Annie,CO0039,,grandPiano,RO0039,,,,,,XO,RL0039,,M0001,RL0013,S10037, 1990-08-21 00:00:00,Columbia,We Die Young,Global
Brian Gardner,mastering,S10002,CO0075,RO0051,,Anthony Peterson,CO0040,,guitar,RO0040,,,,,,Young Money,RL0040,,M0001,RL0022,S10038, 2012-07-17 00:00:00,Fearless Records,King for a Day,Global
Ryan Lipman,assistantMixingEngineer,S10002,CO0538,RO0007,,Anton Fig,CO0041,,hammondOrgan,RO0041,,,,,,ZTM Collections,RL0041,,M0001,RL0030,S10039, 2010-03-03 00:00:00,Parlophone,Rhinestone Eyes,Global
Johnny Lee Jackson,producer,S10002,CO0315,RO0062,,Ari Levine,CO0042,,harp,RO0042,,,,,,,,,M0001,RL0025,S10040, 1999-05-04 00:00:00,Interscope,All Star,Global
Zach Filkins,acousticGuitar,S10002,CO0642,RO0001,,Arif Mardin,CO0043,,instrumentTechnician,RO0043,,,,,,,,,M0001,RL0001,S10041, 2014-08-25 00:00:00,222 Records,Animals,Global
Babin,dataCollection,S10002,CO0052,RO0023,,Arijan Vujica,CO0044,,keyboard,RO0044,,,,,,,,,M0001,RL0011,S10042, 2016-08-20 00:00:00,BOYS DON'T CRY,White Ferrari,Global
Martin Gore,synthesizer,S10003,CO0398,RO0076,,Artie Smith,CO0045,,keyboardAndSynthesizer,RO0045,,,,,,,,,M0001,RL0007,S10043, 2012-08-01 00:00:00,Atlantic,Locked Out Of Heaven,Global
Alan Wilder,synthesizer,S10003,CO0008,RO0076,,Arvin Danny Jeyathasan,CO0046,,leadGuitar,RO0046,,,,,,,,,M0003,RL0019,S10044, 1974-10-11 00:00:00,EMI,Killer Queen,United Kingdom
Andrew Fletcher,synthesizer,S10003,CO0033,RO0076,,Atamnia,CO0047,,leadVoice,RO0047,,,,,,,,,M0004,RL0019,S10044, 1974-10-11 00:00:00,EMI,Killer Queen,United States
Martin L. Gore,lyricist,S10003,CO0399,RO0049,,Austin Hoke,CO0048,,loops,RO0048,,,,,,,,,M0001,RL0021,S10045, 1984-01-27 00:00:00,Epic,Counting Stars,Global
Martin L. Gore,composer,S10003,CO0399,RO0019,,Austin Richard Post,CO0049,,lyricist,RO0049,,,,,,,,,M0001,RL0017,S10046, 2013-06-19 00:00:00,Domino,Do I Wanna Know,Global
Francois Kevorkian,mixingEngineer,S10003,CO0192,RO0054,,Avery Bright,CO0050,,mandolin,RO0050,,,,,,,,,M0001,RL0006,S10047, 2014-09-24 00:00:00,Asylum,Thinking Out Loud,Global
Daniel Miller,mixingEngineer,S10003,CO0117,RO0054,,BTS,CO0051,,mastering,RO0051,,,,,,,,,M0001,RL0007,S10048, 20010-1-04 00:00:00,Big Machine,Fearless,Global
David Gahan,backgroundVoice,S10003,CO0117,RO0011,,Babin,CO0052,,mixing,RO0052,,,,,,,,,M0001,RL0023,S10049, 2020-07-10 00:00:00,Grade A Productions,Blood On My Jeans,Global
Martin Gore,backgroundVoice,S10003,CO0398,RO0011,,Belly,CO0053,,mixingAssistant,RO0053,,,,,,,,,M0001,RL0036,S10050, 2010-09-14 00:00:00,Rostrum Records,Black and Yellow,Global
Alan Wilder,backgroundVoice,S10003,CO0008,RO0011,,Ben Baptie,CO0054,,mixingEngineer,RO0054,,,,,,,,,M0001,RL0037,S10051, 1999-06-15 00:00:00,Walt Disney,You'll Be in My Heart,Global
Pino pischetola,engineer,S10003,CO0499,RO0032,,Ben McKee,CO0055,,orchestraContractor,RO0055,,,,,,,,,M0001,RL0018,S10052, 2010-07-20 00:00:00,Elektra Records,Just the Way You Are,Global
Peter Iversen,engineer,S10003,CO0489,RO0032,,Benjamin Levin,CO0056,,orchestraLeader,RO0056,,,,,,,,,M0001,RL0039,S10053, 2019-11-29 00:00:00,XO,Blinding Lights,Global
Steve Lyon,engineer,S10003,CO0577,RO0032,,Benjamin Portman,CO0057,,orchestraRecording,RO0057,,,,,,,,,M0001,RL0019,S10054, 1982-02-31 00:00:00,EMI,Eye of the Tiger,Global
Goh Hotoda,engineer,S10003,CO0209,RO0032,,Benny Blanco,CO0058,,orchestralArrangement,RO0058,,,,,,,,,M0001,RL0024,S10055, 2012-01-23 00:00:00,Hollywood Records,Give Your Heart a Break,Global
Alan Gregorie,engineer,S10003,CO0006,RO0032,,Bernie Grundman,CO0059,,percussion,RO0059,,,,,,,,,M0001,RL0003,S10056, 2001-08-13 00:00:00,American Recordings,Chop Suey!,Global
Dennis Mitchell,engineer,S10003,CO0117,RO0032,,Bernie Taupin,CO0060,,piano,RO0060,,,,,,,,,M0001,RL0010,S10057, 2019-04-12 00:00:00,BigHit Entertainment,Boy With Luv,Global
Phil Legg,engineer,S10003,CO0494,RO0032,,Bill Wolfer,CO0061,,piccolo,RO0061,,,,,,,,,,,,,,,
David Gahan,sampler,S10003,CO0117,RO0066,,Billy Steinberg,CO0062,,producer,RO0062,,,,,,,,,,,,,,,
Martin Gore,sampler,S10003,CO0398,RO0066,,Billy Walsh,CO0063,,programming,RO0063,,,,,,,,,,,,,,,
Andrew Fletcher,sampler,S10003,CO0033,RO0066,,Birdman West,CO0064,,recordingEngineer,RO0064,,,,,,,,,,,,,,,
Martin Gore,guitar,S10003,CO0398,RO0040,,Blake Espy,CO0065,,rhythmGuitar,RO0065,,,,,,,,,,,,,,,
David Gahan,leadVoice,S10003,CO0117,RO0047,,Bob Blutton,CO0066,,sampler,RO0066,,,,,,,,,,,,,,,
Daryl Bamonte,assistantEngineer,S10003,CO0117,RO0006,,Bob Lacivita,CO0067,,saxophone,RO0067,,,,,,,,,,,,,,,
Dick Meaney,assistantEngineer,S10003,CO0117,RO0006,,Bob Ludwig,CO0068,,shrutiBox,RO0068,,,,,,,,,,,,,,,
David Browne,assistantEngineer,S10003,CO0117,RO0006,,Bobbie Gordon,CO0069,,soundDesign,RO0069,,,,,,,,,,,,,,,
Mark Flannery,assistantEngineer,S10003,CO0391,RO0006,,Boi-1da,CO0070,,stringArangements,RO0070,,,,,,,,,,,,,,,
Garmaise,dataSanitization,S10003,CO0202,RO0024,,Brad Shultz,CO0071,,stringRecorder,RO0071,,,,,,,,,,,,,,,
Depeche Mode,producer,S10003,CO0117,RO0062,,Bram Tobey,CO0072,,strings,RO0072,,,,,,,,,,,,,,,
Flood,producer,S10003,CO0190,RO0062,,Brent Kutzle,CO0073,,studio,RO0073,,,,,,,,,,,,,,,
Alan Wilder,drumMachine,S10003,CO0008,RO0029,,Brian Cinderhearts,CO0074,,synclavier,RO0074,,,,,,,,,,,,,,,
Catriel,dataCollection,S10003,CO0091,RO0023,,Brian Gardner,CO0075,,synthBass,RO0075,,,,,,,,,,,,,,,
Gareth Campesinos!,lyricist,S10004,CO0201,RO0049,,Brian Lucey,CO0076,,synthesizer,RO0076,,,,,,,,,,,,,,,
Kim Campesinos!,shrutiBox,S10004,CO0344,RO0068,,Brian May,CO0077,,tackPiano,RO0077,,,,,,,,,,,,,,,
Jherek Bischoff,trombone,S10004,CO0288,RO0081,,Brian Robbins,CO0078,,tambourine,RO0078,,,,,,,,,,,,,,,
Ollie Campesinos!,drum,S10004,CO0466,RO0028,,Brock Korsan,CO0079,,timpani,RO0079,,,,,,,,,,,,,,,
Izaak Mills,saxophone,S10004,CO0252,RO0067,,Bruce Welch,CO0080,,triangle,RO0080,,,,,,,,,,,,,,,
Gareth Campesinos!,glockenspiel,S10004,CO0201,RO0037,,Bruno Mars,CO0081,,trombone,RO0081,,,,,,,,,,,,,,,
Garmaise,dataSanitization,S10004,CO0202,RO0024,,Bryce Bordone,CO0082,,trumpet,RO0082,,,,,,,,,,,,,,,
Guy Davie,mastering,S10004,CO0219,RO0051,,Bryon Isaacs,CO0083,,vibraphone,RO0083,,,,,,,,,,,,,,,
Ollie Campesinos!,percussion,S10004,CO0466,RO0059,,Buddy Ross,CO0084,,viola,RO0084,,,,,,,,,,,,,,,
Chiu,dataCollection,S10004,CO0098,RO0023,,Byron Isaacs,CO0085,,violin,RO0085,,,,,,,,,,,,,,,
Ellen Campesinos!,bassGuitar,S10004,CO0172,RO0013,,Caitilin Evanson,CO0086,,voice,RO0086,,,,,,,,,,,,,,,
Harriet Campesinos!,keyboard,S10004,CO0225,RO0044,,Cameron Montgomery,CO0087,,voiceEngineering,RO0087,,,,,,,,,,,,,,,
Harriet Campesinos!,violin,S10004,CO0225,RO0085,,Cardo,CO0088,,voiceRecording,RO0088,,,,,,,,,,,,,,,
Tom Campesinos!,composer,S10004,CO0604,RO0019,,Carl Larson,CO0089,,,,,,,,,,,,,,,,,,
John Goodmanson,mixingEngineer,S10004,CO0305,RO0054,,Carmen Rizzo,CO0090,,,,,,,,,,,,,,,,,,
Ellen Campesinos!,backgroundVoice,S10004,CO0172,RO0011,,Catriel,CO0091,,,,,,,,,,,,,,,,,,
Neil Campesinos!,backgroundVoice,S10004,CO0449,RO0011,,Chad Cuttill,CO0092,,,,,,,,,,,,,,,,,,
Tom Campesinos!,backgroundVoice,S10004,CO0604,RO0011,,Chad Smith,CO0093,,,,,,,,,,,,,,,,,,
Zac Pennington,backgroundVoice,S10004,CO0641,RO0011,,Charles Callahan,CO0094,,,,,,,,,,,,,,,,,,
Eric Corson,engineer,S10004,CO0180,RO0032,,Charles Moniz,CO0095,,,,,,,,,,,,,,,,,,
Neil Campesinos!,guitar,S10004,CO0449,RO0040,,Charlie Puth,CO0096,,,,,,,,,,,,,,,,,,
Tom Campesinos!,guitar,S10004,CO0604,RO0040,,Charlotte Matthews,CO0097,,,,,,,,,,,,,,,,,,
Aleksandra Campesinos!,leadVoice,S10004,CO0009,RO0047,,Chiu,CO0098,,,,,,,,,,,,,,,,,,
Gareth Campesinos!,leadVoice,S10004,CO0201,RO0047,,Chloe,CO0099,,,,,,,,,,,,,,,,,,
Izaak Mills,flute,S10004,CO0252,RO0036,,Chris Galland,CO0100,,,,,,,,,,,,,,,,,,
Kim Campesinos!,piccolo,S10004,CO0344,RO0061,,Chris Garcia,CO0101,,,,,,,,,,,,,,,,,,
Jherek Bischoff ,doubleBass,S10004,CO0288,RO0027,,Chris Gehringer,CO0102,,,,,,,,,,,,,,,,,,
Samantha Boshnack,trumpet,S10004,CO0544,RO0082,,Chris Healings,CO0103,,,,,,,,,,,,,,,,,,
John Goodmanson,producer,S10004,CO0305,RO0062,,Chris Leonard,CO0104,,,,,,,,,,,,,,,,,,
Samantha Boshnack,flugelHorn,S10004,CO0544,RO0035,,Chris Lord-Alge,CO0105,,,,,,,,,,,,,,,,,,
Adele Adkins,lyricist,S10005,CO0002,RO0049,,Chris Sclafani,CO0106,,,,,,,,,,,,,,,,,,
Leo Taylor,drum,S10005,CO0364,RO0028,,Christian Plata,CO0107,,,,,,,,,,,,,,,,,,
Paul Epworth,orchestralArrangement,S10005,CO0478,RO0055,,Christopher Brody Brown,CO0108,,,,,,,,,,,,,,,,,,
J.A.C Redford,orchestralArrangement,S10005,CO0252,RO0055,,Christopher Rowe,CO0109,,,,,,,,,,,,,,,,,,
Charlotte Matthews,assistantOrchestraContractor,S10005,CO0097,RO0008,,Chung King Studios,CO0110,,,,,,,,,,,,,,,,,,
Jenny O'Grady,choirMaster,S10005,CO0280,RO0019,,Cirkut,CO0111,,,,,,,,,,,,,,,,,,
Nikolaj Torp Larsen,piano,S10005,CO0457,RO0060,,Clint Gibbs,CO0112,,,,,,,,,,,,,,,,,,
Garmaise,dataSanitization,S10005,CO0202,RO0024,,Cody Chicowski,CO0113,,,,,,,,,,,,,,,,,,
Tom Coyne,mastering,S10005,CO0605,RO0051,,Cory Bice,CO0114,,,,,,,,,,,,,,,,,,
Paul Epworth,percussion,S10005,CO0478,RO0059,,Curtis Peoples,CO0115,,,,,,,,,,,,,,,,,,
Cuscuna,dataCollection,S10005,CO0116,RO0023,,Cuscuna,CO0116,,,,,,,,,,,,,,,,,,
Tom Herbert,bassGuitar,S10005,CO0607,RO0013,,Cyndi Lauper,CO0117,,,,,,,,,,,,,,,,,,
Adele Adkins,composer,S10005,CO0002,RO0019,,D'Mile,CO0118,,,,,,,,,,,,,,,,,,
Paul Epworth,composer,S10005,CO0478,RO0019,,D.M.C.,CO0119,,,,,,,,,,,,,,,,,,
Tom Elmhirst,mixingEngineer,S10005,CO0606,RO0054,,DJ Frank E,CO0120,,,,,,,,,,,,,,,,,,
Paul Epworth,choirArranger,S10005,CO0478,RO0018,,Dabbaghian,CO0121,,,,,,,,,,,,,,,,,,
Isobel Griffiths,orchestraContractor,S10005,CO0250,RO0055,,Dagenais,CO0122,,,,,,,,,,,,,,,,,,
Charlotte Matthews,orchestraContractor,S10005,CO0097,RO0055,,Dallali,CO0123,,,,,,,,,,,,,,,,,,
Simon Rhodes,orchestraRecording,S10005,CO0562,RO0057,,Damien Lewis,CO0124,,,,,,,,,,,,,,,,,,
Matt Wiggins,engineer,S10005,CO0407,RO0032,,Damon Albarn,CO0125,,,,,,,,,,,,,,,,,,
James Reid,guitar,S10005,CO0265,RO0040,,Dan Korneff,CO0126,,,,,,,,,,,,,,,,,,
Adele Adkins,leadVoice,S10005,CO0002,RO0047,,Dan Reynolds,CO0127,,,,,,,,,,,,,,,,,,
Thomas Bowes,orchestraLeader,S10005,CO0598,RO0056,,Dan Rieser,CO0128,,,,,,,,,,,,,,,,,,
Metro Voices,choir,S10005,CO0421,RO0017,,Daniel Miller,CO0129,,,,,,,,,,,,,,,,,,
Paul Epworth,producer,S10005,CO0478,RO0062,,Daniel Platzman,CO0130,,,,,,,,,,,,,,,,,,
Pete Hutchings,producer,S10005,CO0486,RO0062,,Daniel Tichenor,CO0131,,,,,,,,,,,,,,,,,,
Joe Hartwell Jones,producer,S10005,CO0295,RO0062,,Daron Malakian,CO0132,,,,,,,,,,,,,,,,,,
Mike Elizondo,bassGuitar,S10006,CO0434,RO0013,,Daron Malkaian,CO0133,,,,,,,,,,,,,,,,,,
Mike Elizondo,keyboard,S10006,CO0434,RO0044,,Darren Mora,CO0134,,,,,,,,,,,,,,,,,,
Tommy Coster,keyboard,S10006,CO0608,RO0044,,Daryl Bamonte,CO0135,,,,,,,,,,,,,,,,,,
Eminem,lyricist,S10006,CO0177,RO0049,,Dave Aron,CO0136,,,,,,,,,,,,,,,,,,
Dido,lyricist,S10006,CO0117,RO0049,,Dave Jerden,CO0137,,,,,,,,,,,,,,,,,,
Marshall Mathers,composer,S10006,CO0396,RO0019,,Dave Kutch,CO0138,,,,,,,,,,,,,,,,,,
Dido Armstrong,composer,S10006,CO0117,RO0019,,Dave Sardy,CO0139,,,,,,,,,,,,,,,,,,
The 45 King,composer,S10006,CO0593,RO0019,,Dave Yaden,CO0140,,,,,,,,,,,,,,,,,,
Philip G. Atwell,director,S10006,CO0497,RO0026,,Dave bickler,CO0141,,,,,,,,,,,,,,,,,,
Dr. Dre,director,S10006,CO0162,RO0026,,Daveon Jackson,CO0142,,,,,,,,,,,,,,,,,,
Eminem,mixing,S10006,CO0177,RO0052,,David Browne,CO0143,,,,,,,,,,,,,,,,,,
Dido Armstrong,backgroundVoice,S10006,CO0117,RO0011,,David Bukovinszky,CO0144,,,,,,,,,,,,,,,,,,
Marshall Mathers,backgroundVoice,S10006,CO0396,RO0011,,David Gahan,CO0145,,,,,,,,,,,,,,,,,,
Steve King,engineer,S10006,CO0575,RO0032,,David Hart,CO0146,,,,,,,,,,,,,,,,,,
Marshall Mathers,leadVoice,S10006,CO0396,RO0047,,David Kutch,CO0147,,,,,,,,,,,,,,,,,,
Dr. Dre,executiveProducer,S10006,CO0162,RO0033,,David McGlohon,CO0148,,,,,,,,,,,,,,,,,,
Garmaise,dataSanitization,S10006,CO0202,RO0024,,David Paton,CO0149,,,,,,,,,,,,,,,,,,
Eminem,assistantMixingEngineer,S10006,CO0177,RO0007,,David Payne,CO0150,,,,,,,,,,,,,,,,,,
Eminem,producer,S10006,CO0177,RO0062,,Demi Lovato,CO0151,,,,,,,,,,,,,,,,,,
The 45 King,producer,S10006,CO0593,RO0062,,Dennis Mitchell,CO0152,,,,,,,,,,,,,,,,,,
Dabbaghian,dataCollection,S10006,CO0117,RO0023,,Depeche Mode,CO0153,,,,,,,,,,,,,,,,,,
Ben McKee,bassGuitar,S10007,CO0055,RO0013,,Derek Garten,CO0154,,,,,,,,,,,,,,,,,,
Alexander Grant,lyricist,S10007,CO0018,RO0049,,Dick Meaney,CO0155,,,,,,,,,,,,,,,,,,
Josh Mosser,lyricist,S10007,CO0321,RO0049,,Dido,CO0156,,,,,,,,,,,,,,,,,,
Alexander Grant,composer,S10007,CO0018,RO0019,,Dido Armstrong,CO0157,,,,,,,,,,,,,,,,,,
Manny Marroquin,mixingEngineer,S10007,CO0386,RO0054,,Diggs,CO0158,,,,,,,,,,,,,,,,,,
Dan Reynolds,backgroundVoice,S10007,CO0117,RO0011,,Doug  Hnederson,CO0159,,,,,,,,,,,,,,,,,,
Wayne Sermon,backgroundVoice,S10007,CO0628,RO0011,,Doug McKean,CO0160,,,,,,,,,,,,,,,,,,
Ben McKee,backgroundVoice,S10007,CO0055,RO0011,,Doug Sax,CO0161,,,,,,,,,,,,,,,,,,
Wayne Sermon,rhythmGuitar,S10007,CO0628,RO0065,,Dr. Dre,CO0162,,,,,,,,,,,,,,,,,,
Daniel Platzman,drum,S10007,CO0117,RO0028,,Dr. Luke,CO0163,,,,,,,,,,,,,,,,,,
Dan Reynolds,leadVoice,S10007,CO0117,RO0047,,Dr.Dre,CO0164,,,,,,,,,,,,,,,,,,
Garmaise,dataSanitization,S10007,CO0202,RO0024,,Drake,CO0165,,,,,,,,,,,,,,,,,,
Joe LaPorta,mastering,S10007,CO0296,RO0051,,Drew Brown,CO0166,,,,,,,,,,,,,,,,,,
Daniel Platzman,percussion,S10007,CO0117,RO0059,,Ed Sheeran,CO0167,,,,,,,,,,,,,,,,,,
Alexander Grant,producer,S10007,CO0018,RO0062,,Eddie Fisher,CO0168,,,,,,,,,,,,,,,,,,
Wayne Sermon,acousticGuitar,S10007,CO0628,RO0001,,Eddie Van Halen,CO0169,,,,,,,,,,,,,,,,,,
Dagenais,dataCollection,S10007,CO0117,RO0023,,Eddy Schreyer,CO0170,,,,,,,,,,,,,,,,,,
Ryan Tedder,lyricist,S10008,CO0540,RO0049,,Efstathakis,CO0171,,,,,,,,,,,,,,,,,,
Brent Kutzle,lyricist,S10008,CO0073,RO0049,,Ellen Campesinos!,CO0172,,,,,,,,,,,,,,,,,,
Zach Filkins,lyricist,S10008,CO0642,RO0049,,Elton John,CO0173,,,,,,,,,,,,,,,,,,
Benjamin Levin,lyricist,S10008,CO0056,RO0049,,Emile Haynie,CO0174,,,,,,,,,,,,,,,,,,
John Hanes,mixingEngineer,S10008,CO0306,RO0054,,Emily Nelson,CO0175,,,,,,,,,,,,,,,,,,
Serban Ghenea,mixing,S10008,CO0552,RO0052,,Emily Weisband,CO0176,,,,,,,,,,,,,,,,,,
Zach Filkins,backgroundVoice,S10008,CO0642,RO0011,,Eminem,CO0177,,,,,,,,,,,,,,,,,,
Eddie Fisher,backgroundVoice,S10008,CO0168,RO0011,,Emma Kummrow,CO0178,,,,,,,,,,,,,,,,,,
Drew Brown,backgroundVoice,S10008,CO0166,RO0011,,Eric Bazilian,CO0179,,,,,,,,,,,,,,,,,,
Brent Kutzle,backgroundVoice,S10008,CO0073,RO0011,,Eric Corson,CO0180,,,,,,,,,,,,,,,,,,
David McGlohon,backgroundVoice,S10008,CO0117,RO0011,,Eric Eylands,CO0181,,,,,,,,,,,,,,,,,,
Smith Carlson,engineer,S10008,CO0565,RO0032,,Eric Valentine,CO0182,,,,,,,,,,,,,,,,,,
Ryan Tedder,engineer,S10008,CO0540,RO0032,,Eric Woolfson,CO0183,,,,,,,,,,,,,,,,,,
Ryan Tedder,leadVoice,S10008,CO0540,RO0047,,Erik Madrid,CO0184,,,,,,,,,,,,,,,,,,
Scott Yarmovsky,assistantEngineer,S10008,CO0547,RO0006,,Evan Smith,CO0185,,,,,,,,,,,,,,,,,,
Chris Sclafani,assistantEngineer,S10008,CO0106,RO0006,,Ex Reyes,CO0186,,,,,,,,,,,,,,,,,,
Matthew Tryba,assistantEngineer,S10008,CO0410,RO0006,,Fergie Fredriksen,CO0187,,,,,,,,,,,,,,,,,,
Garmaise,dataSanitization,S10008,CO0202,RO0024,,Fernandez Cortez,CO0188,,,,,,,,,,,,,,,,,,
Chris Gehringer,mastering,S10008,CO0102,RO0051,,Filip Ge?in,CO0189,,,,,,,,,,,,,,,,,,
Will Quinnell,mastering,S10008,CO0631,RO0051,,Flood,CO0190,,,,,,,,,,,,,,,,,,
Benny Blanco,producer,S10008,CO0058,RO0062,,Fouert,CO0191,,,,,,,,,,,,,,,,,,
Brent Kutzle,producer,S10008,CO0073,RO0062,,Francois Kevorkian,CO0192,,,,,,,,,,,,,,,,,,
Phil Seaford,assistantMixingEngineer,S10008,CO0495,RO0007,,Frank Dukes,CO0193,,,,,,,,,,,,,,,,,,
Benny Blanco,programming,S10008,CO0058,RO0063,,Frank Ocean,CO0194,,,,,,,,,,,,,,,,,,
Ryan Tedder,programming,S10008,CO0540,RO0063,,Frankie Sullivan,CO0195,,,,,,,,,,,,,,,,,,
Brent Kutzle,programming,S10008,CO0073,RO0063,,Freddie Mercury,CO0196,,,,,,,,,,,,,,,,,,
OneRepublic,programming,S10008,CO0468,RO0063,,Freddie mercury,CO0197,,,,,,,,,,,,,,,,,,
Dallali,dataCollection,S10008,CO0117,RO0023,,Gabriel Manuals Wallace,CO0198,,,,,,,,,,,,,,,,,,
Post Malone,voice,S10009,CO0501,RO0086,,Ganz,CO0199,,,,,,,,,,,,,,,,,,
Kaan Gunesberk,lyricist,S10009,CO0327,RO0049,,Gared Crawford,CO0200,,,,,,,,,,,,,,,,,,
Billy Walsh,lyricist,S10009,CO0063,RO0049,,Gareth Campesinos!,CO0201,,,,,,,,,,,,,,,,,,
Post Malone,lyricist,S10009,CO0501,RO0049,,Garmaise,CO0202,,,,,,,,,,,,,,,,,,
Frank Dukes,lyricist,S10009,CO0193,RO0049,,Geoff Swan,CO0203,,,,,,,,,,,,,,,,,,
Austin Richard Post,composer,S10009,CO0049,RO0019,,George Harrison,CO0204,,,,,,,,,,,,,,,,,,
Manny Marroquin,mixingEngineer,S10009,CO0386,RO0054,,George Martin,CO0205,,,,,,,,,,,,,,,,,,
Kaan Gunesberk,guitar,S10009,CO0327,RO0040,,Gina Corso,CO0206,,,,,,,,,,,,,,,,,,
Post Malone,guitar,S10009,CO0501,RO0040,,Glenn Fischbach,CO0207,,,,,,,,,,,,,,,,,,
Post Malone,leadVoice,S10009,CO0501,RO0047,,Gob Glutton,CO0208,,,,,,,,,,,,,,,,,,
Louis Bell,recordingEngineer,S10009,CO0371,RO0064,,Goh Hotoda,CO0209,,,,,,,,,,,,,,,,,,
Garmaise,dataSanitization,S10009,CO0202,RO0024,,Gorillaz,CO0210,,,,,,,,,,,,,,,,,,
Mike Bozzi,mastering,S10009,CO0432,RO0051,,Grandmaster ofMastering,CO0211,,,,,,,,,,,,,,,,,,
Chris Galland,assistantMixingEngineer,S10009,CO0100,RO0007,,Greg Camp,CO0212,,,,,,,,,,,,,,,,,,
Robin Florent,assistantMixingEngineer,S10009,CO0525,RO0007,,Greg Collins,CO0213,,,,,,,,,,,,,,,,,,
Scott Desmarais,assistantMixingEngineer,S10009,CO0546,RO0007,,Greg Gordon,CO0214,,,,,,,,,,,,,,,,,,
Jeremie Inhaber,assistantMixingEngineer,S10009,CO0282,RO0007,,Greg Moffet,CO0215,,,,,,,,,,,,,,,,,,
Frank Dukes,producer,S10009,CO0193,RO0062,,Greg Philinganes,CO0216,,,,,,,,,,,,,,,,,,
Louis Bell,producer,S10009,CO0371,RO0062,,Greg Smith,CO0217,,,,,,,,,,,,,,,,,,
Post Malone,producer,S10009,CO0501,RO0062,,Guy A. Marco,CO0218,,,,,,,,,,,,,,,,,,
Efstathakis,dataCollection,S10009,CO0171,RO0023,,Guy Davie,CO0219,,,,,,,,,,,,,,,,,,
Takeshi Taneda,bassGuitar,S10010,CO0584,RO0013,,H.O.S,CO0220,,,,,,,,,,,,,,,,,,
Ted Poley,lyricist,S10010,CO0591,RO0049,,Hailee Steinfeld,CO0221,,,,,,,,,,,,,,,,,,
Jun Senoue,composer,S10010,CO0324,RO0019,,Halsey,CO0222,,,,,,,,,,,,,,,,,,
Tony Harnell,backgroundVoice,S10010,CO0610,RO0011,,Harley Arsenault,CO0223,,,,,,,,,,,,,,,,,,
Katsuji Kirita,drum,S10010,CO0332,RO0028,,HarpEri,CO0224,,,,,,,,,,,,,,,,,,
Ted Poley,leadVoice,S10010,CO0591,RO0047,,Harriet Campesinos!,CO0225,,,,,,,,,,,,,,,,,,
Garmaise,dataSanitization,S10010,CO0202,RO0024,,Haruki Nakayama,CO0226,,,,,,,,,,,,,,,,,,
Isao Kikuchi,mastering,S10010,CO0248,RO0051,,Hassani,CO0227,,,,,,,,,,,,,,,,,,
Haruki Nakayama,producer,S10010,CO0226,RO0062,,Henry Walter,CO0228,,,,,,,,,,,,,,,,,,
Yuji Naka,producer,S10010,CO0638,RO0062,,Hernaez,CO0229,,,,,,,,,,,,,,,,,,
Yukifumi Makino,producer,S10010,CO0639,RO0062,,Hill Brim Swimmer,CO0230,,,,,,,,,,,,,,,,,,
Fernandez Cortez,dataCollection,S10010,CO0188,RO0023,,Hillary Lindsey,CO0231,,,,,,,,,,,,,,,,,,
Jack Antonoff,bassGuitar,S10011,CO0256,RO0013,,Hirose Akane,CO0232,,,,,,,,,,,,,,,,,,
Ex Reyes,keyboard,S10011,CO0186,RO0044,,Hitman Bang,CO0233,,,,,,,,,,,,,,,,,,
Taylor Swift,lyricist,S10011,CO0587,RO0049,,Hoang,CO0234,,,,,,,,,,,,,,,,,,
Taylor Swift,composer,S10011,CO0587,RO0019,,Homer Steinweiss,CO0235,,,,,,,,,,,,,,,,,,
Liz Rose,composer,S10011,CO0370,RO0019,,Howie Weinberg,CO0236,,,,,,,,,,,,,,,,,,
Bryce Bordone,mixingEngineer,S10011,CO0082,RO0054,,Hristov,CO0237,,,,,,,,,,,,,,,,,,
Serban Ghenea,mixingEngineer,S10011,CO0552,RO0054,,Hu,CO0238,,,,,,,,,,,,,,,,,,
Jack Antonoff,drum,S10011,CO0256,RO0028,,Huang,CO0239,,,,,,,,,,,,,,,,,,
Sean Hutchinson,drum,S10011,CO0548,RO0028,,Huynh,CO0240,,,,,,,,,,,,,,,,,,
Jon Gautier,engineer,S10011,CO0317,RO0032,,Hybrid,CO0241,,,,,,,,,,,,,,,,,,
Ex Reyes,engineer,S10011,CO0186,RO0032,,HyeJeong Park,CO0242,,,,,,,,,,,,,,,,,,
Michael Riddleberger,engineer,S10011,CO0427,RO0032,,Hyunwoo Nam,CO0243,,,,,,,,,,,,,,,,,,
Laura Sisk,engineer,S10011,CO0353,RO0032,,Ian Bairnson,CO0244,,,,,,,,,,,,,,,,,,
Sean Hutchinson,engineer,S10011,CO0548,RO0032,,Ian Haugland,CO0245,,,,,,,,,,,,,,,,,,
John Rooney,engineer,S10011,CO0313,RO0032,,Ian Shea,CO0246,,,,,,,,,,,,,,,,,,
Evan Smith,engineer,S10011,CO0185,RO0032,,Internoscia,CO0247,,,,,,,,,,,,,,,,,,
Jack Antonoff,engineer,S10011,CO0256,RO0032,,Isao Kikuchi,CO0248,,,,,,,,,,,,,,,,,,
David Hart,engineer,S10011,CO0117,RO0032,,Island Studios,CO0249,,,,,,,,,,,,,,,,,,
Taylor Swift,leadVoice,S10011,CO0587,RO0047,,Isobel Griffiths,CO0250,,,,,,,,,,,,,,,,,,
Garmaise,dataSanitization,S10011,CO0202,RO0024,,Ivan,CO0251,,,,,,,,,,,,,,,,,,
Randy Merrill,mastering,S10011,CO0512,RO0051,,Izaak Mills,CO0252,,,,,,,,,,,,,,,,,,
Jack Antonoff,percussion,S10011,CO0256,RO0059,,J-hope,CO0253,,,,,,,,,,,,,,,,,,
Sean Hutchinson,percussion,S10011,CO0548,RO0059,,J.A.C Redford,CO0254,,,,,,,,,,,,,,,,,,
Michael Riddleberger,percussion,S10011,CO0427,RO0059,,JAY-Z,CO0255,,,,,,,,,,,,,,,,,,
Jack Antonoff,producer,S10011,CO0256,RO0062,,Jack Antonoff,CO0256,,,,,,,,,,,,,,,,,,
Taylor Swift,producer,S10011,CO0587,RO0062,,Jack Fairbrother,CO0257,,,,,,,,,,,,,,,,,,
Christopher Rowe,producer,S10011,CO0109,RO0062,,Jacob Hindlin,CO0258,,,,,,,,,,,,,,,,,,
Jack Antonoff,acousticGuitar,S10011,CO0256,RO0001,,Jaden Michaels,CO0259,,,,,,,,,,,,,,,,,,
Fouert,dataCollection,S10011,CO0191,RO0023,,Jaime Preciado,CO0260,,,,,,,,,,,,,,,,,,
John Lev??n,bassGuitar,S10012,CO0307,RO0013,,Jake Gosling,CO0261,,,,,,,,,,,,,,,,,,
Mic Michaeli,keyboard,S10012,CO0422,RO0044,,Jam Master Jay,CO0262,,,,,,,,,,,,,,,,,,
Joey Tempest,lyricist,S10012,CO0299,RO0049,,James Ford,CO0263,,,,,,,,,,,,,,,,,,
John Norum,rhythmGuitar,S10012,CO0309,RO0065,,James Preston Pennington,CO0264,,,,,,,,,,,,,,,,,,
Ian Haugland,drum,S10012,CO0245,RO0028,,James Reid,CO0265,,,,,,,,,,,,,,,,,,
Joey Tempest,leadVoice,S10012,CO0299,RO0047,,James Valentine,CO0266,,,,,,,,,,,,,,,,,,
Garmaise,dataSanitization,S10012,CO0202,RO0024,,Jamie Cook,CO0267,,,,,,,,,,,,,,,,,,
Ian Haugland,percussion,S10012,CO0245,RO0059,,Jamie Lidderdale,CO0268,,,,,,,,,,,,,,,,,,
Kevin Elson,producer,S10012,CO0337,RO0062,,Jarad Higgins,CO0269,,,,,,,,,,,,,,,,,,
John Norum,acousticGuitar,S10012,CO0309,RO0001,,Jared Champion,CO0270,,,,,,,,,,,,,,,,,,
Ganz,dataCollection,S10012,CO0199,RO0023,,Jason Agel,CO0271,,,,,,,,,,,,,,,,,,
Ryan Tedder,lyricist,S10013,CO0540,RO0049,,Jason Cox,CO0272,,,,,,,,,,,,,,,,,,
HarpEri,harp,S10013,CO0224,RO0042,,Jason Quenneville,CO0273,,,,,,,,,,,,,,,,,,
Drew Brown,rhythmGuitar,S10013,CO0166,RO0065,,Javed Ali,CO0274,,,,,,,,,,,,,,,,,,
Eddie Fisher,drum,S10013,CO0168,RO0028,,Jay Burnett,CO0275,,,,,,,,,,,,,,,,,,
Garmaise,dataSanitization,S10013,CO0202,RO0024,,Jay Newland,CO0276,,,,,,,,,,,,,,,,,,
Chris Gehringer,mastering,S10013,CO0102,RO0051,,Jeff Bhasker,CO0277,,,,,,,,,,,,,,,,,,
Will Quinnell,mastering,S10013,CO0631,RO0051,,Jeff Ellis,CO0278,,,,,,,,,,,,,,,,,,
Eddie Fisher,percussion,S10013,CO0168,RO0059,,Jeff Porcaro,CO0279,,,,,,,,,,,,,,,,,,
Ryan Lipman,assistantMixingEngineer,S10013,CO0538,RO0007,,Jenny O'Grady,CO0280,,,,,,,,,,,,,,,,,,
Zach Filkins,acousticGuitar,S10013,CO0642,RO0001,,Jeremiah Fraites,CO0281,,,,,,,,,,,,,,,,,,
Garmaise,dataCollection,S10013,CO0202,RO0023,,Jeremie Inhaber,CO0282,,,,,,,,,,,,,,,,,,
Brent Kutzle,bassGuitar,S10013,CO0073,RO0013,,Jeremy Lertola,CO0283,,,,,,,,,,,,,,,,,,
Ryan Tedder,keyboard,S10013,CO0540,RO0044,,Jerry Cantrell,CO0284,,,,,,,,,,,,,,,,,,
Ryan Tedder,composer,S10013,CO0540,RO0019,,Jesse Carmichael,CO0285,,,,,,,,,,,,,,,,,,
Joe Zook,mixingEngineer,S10013,CO0298,RO0054,,Jesse Harris,CO0286,,,,,,,,,,,,,,,,,,
Bobbie Gordon,backgroundVoice,S10013,CO0069,RO0011,,Jherek Bischoff,CO0287,,,,,,,,,,,,,,,,,,
Brent Kutzle,backgroundVoice,S10013,CO0073,RO0011,,Jherek Bischoff,CO0288,,,,,,,,,,,,,,,,,,
David McGlohon,backgroundVoice,S10013,CO0117,RO0011,,Jihye Yoon,CO0289,,,,,,,,,,,,,,,,,,
Zach Filkins,backgroundVoice,S10013,CO0642,RO0011,,Jim Peterik,CO0290,,,,,,,,,,,,,,,,,,
Smith Carlson,engineer,S10013,CO0565,RO0032,,Jim Romano,CO0291,,,,,,,,,,,,,,,,,,
Ryan Tedder,leadVoice,S10013,CO0540,RO0047,,Jimin,CO0292,,,,,,,,,,,,,,,,,,
Matthew Tryba,assistantEngineer,S10013,CO0410,RO0006,,Jimmy Page,CO0293,,,,,,,,,,,,,,,,,,
Noel Patrick Zancanella,producer,S10013,CO0462,RO0062,,Jin,CO0294,,,,,,,,,,,,,,,,,,
Ryan Tedder,producer,S10013,CO0540,RO0062,,Joe Hartwell Jones,CO0295,,,,,,,,,,,,,,,,,,
Tony Gilbert,violin,S10014,CO0609,RO0085,,Joe LaPorta,CO0296,,,,,,,,,,,,,,,,,,
Sidney Sax,violin,S10014,CO0561,RO0085,,Joe Rubel,CO0297,,,,,,,,,,,,,,,,,,
Paul McCartney,lyricist,S10014,CO0481,RO0049,,Joe Zook,CO0298,,,,,,,,,,,,,,,,,,
LennonÉ??McCartney,lyricist,S10014,CO0361,RO0049,,Joey Tempest,CO0299,,,,,,,,,,,,,,,,,,
Norman Smith,engineer,S10014,CO0464,RO0032,,John Armstrong,CO0300,,,,,,,,,,,,,,,,,,
John Lennon,leadVoice,S10014,CO0307,RO0047,,John Bender,CO0301,,,,,,,,,,,,,,,,,,
Paul McCartney,leadVoice,S10014,CO0481,RO0047,,John Bonhman,CO0302,,,,,,,,,,,,,,,,,,
George Harrison,leadVoice,S10014,CO0204,RO0047,,John Deacon,CO0303,,,,,,,,,,,,,,,,,,
Ringo Starr,leadVoice,S10014,CO0518,RO0047,,John Dolmayan,CO0304,,,,,,,,,,,,,,,,,,
Garmaise,dataSanitization,S10014,CO0202,RO0024,,John Goodmanson,CO0305,,,,,,,,,,,,,,,,,,
George Martin,producer,S10014,CO0205,RO0062,,John Hanes,CO0306,,,,,,,,,,,,,,,,,,
Bruce Welch,acousticGuitar,S10014,CO0080,RO0001,,John Lennon,CO0307,,,,,,,,,,,,,,,,,,
Hassani,dataCollection,S10014,CO0227,RO0023,,John LevÇn,CO0308,,,,,,,,,,,,,,,,,,
Jesse Carmichael,synthesizer,S10015,CO0285,RO0076,,John Norum,CO0309,,,,,,,,,,,,,,,,,,
PJ Morton,synthesizer,S10015,CO0499,RO0076,,John Paul Jones,CO0310,,,,,,,,,,,,,,,,,,
Dr. Luke,synthesizer,S10015,CO0163,RO0076,,John Paul jones,CO0311,,,,,,,,,,,,,,,,,,
Ammo,synthesizer,S10015,CO0026,RO0076,,John Pierce,CO0312,,,,,,,,,,,,,,,,,,
Cirkut,synthesizer,S10015,CO0111,RO0076,,John Rooney,CO0313,,,,,,,,,,,,,,,,,,
Adam Levine,lyricist,S10015,CO0001,RO0049,,John Yudkin,CO0314,,,,,,,,,,,,,,,,,,
Joshua Coleman,lyricist,S10015,CO0322,RO0049,,Johnny Lee Jackson,CO0315,,,,,,,,,,,,,,,,,,
Lukasz Gottwald,lyricist,S10015,CO0375,RO0049,,Jon Brion,CO0316,,,,,,,,,,,,,,,,,,
Jacob Hindlin,lyricist,S10015,CO0258,RO0049,,Jon Gautier,CO0317,,,,,,,,,,,,,,,,,,
Mike Posner,lyricist,S10015,CO0437,RO0049,,Jonathan Kim,CO0318,,,,,,,,,,,,,,,,,,
Henry Walter,lyricist,S10015,CO0228,RO0049,,Jonathan Sher,CO0319,,,,,,,,,,,,,,,,,,
Matt Flynn,drum,S10015,CO0403,RO0028,,Josh Alexander,CO0320,,,,,,,,,,,,,,,,,,
Cirkut,drum,S10015,CO0111,RO0028,,Josh Mosser,CO0321,,,,,,,,,,,,,,,,,,
Garmaise,dataSanitization,S10015,CO0202,RO0024,,Joshua Coleman,CO0322,,,,,,,,,,,,,,,,,,
Hernaez,dataCollection,S10015,CO0229,RO0023,,Jubin Nautiyal,CO0323,,,,,,,,,,,,,,,,,,
Dr. Luke,synthBass,S10015,CO0163,RO0075,,Jun Senoue,CO0324,,,,,,,,,,,,,,,,,,
Mickey Madden,bassGuitar,S10015,CO0431,RO0013,,Jungkook,CO0325,,,,,,,,,,,,,,,,,,
Artie Smith,instrumentTechnician,S10015,CO0045,RO0043,,Justin Tranter,CO0326,,,,,,,,,,,,,,,,,,
Jesse Carmichael,keyboard,S10015,CO0285,RO0044,,Kaan Gunesberk,CO0327,,,,,,,,,,,,,,,,,,
PJ Morton,keyboard,S10015,CO0499,RO0044,,Kaitlin Moreno,CO0328,,,,,,,,,,,,,,,,,,
Dr. Luke,keyboard,S10015,CO0163,RO0044,,Kanami T?no,CO0329,,,,,,,,,,,,,,,,,,
Ammo,keyboard,S10015,CO0026,RO0044,,Kanye West,CO0330,,,,,,,,,,,,,,,,,,
Cirkut,keyboard,S10015,CO0111,RO0044,,Kato Khandwala,CO0331,,,,,,,,,,,,,,,,,,
Adam Levine,composer,S10015,CO0001,RO0019,,Katsuji Kirita,CO0332,,,,,,,,,,,,,,,,,,
Joshua Coleman,composer,S10015,CO0322,RO0019,,Kellin Quinn,CO0333,,,,,,,,,,,,,,,,,,
Lukasz Gottwald,composer,S10015,CO0375,RO0019,,Kentaro Akutsu,CO0334,,,,,,,,,,,,,,,,,,
Jacob Hindlin,composer,S10015,CO0258,RO0019,,Kentaru Akutsu,CO0335,,,,,,,,,,,,,,,,,,
Mike Posner,composer,S10015,CO0437,RO0019,,Kevin Coleman,CO0336,,,,,,,,,,,,,,,,,,
Henry Walter,composer,S10015,CO0228,RO0019,,Kevin Elson,CO0337,,,,,,,,,,,,,,,,,,
John Hanes,mixingEngineer,S10015,CO0306,RO0054,,Kevin Gomringer,CO0338,,,,,,,,,,,,,,,,,,
Doug McKean,engineer,S10015,CO0160,RO0032,,Kevin Peterson,CO0339,,,,,,,,,,,,,,,,,,
Clint Gibbs,engineer,S10015,CO0112,RO0032,,Kevin Shuss,CO0340,,,,,,,,,,,,,,,,,,
Noah Passovoy,engineer,S10015,CO0458,RO0032,,Khalil Walton,CO0341,,,,,,,,,,,,,,,,,,
Jonathan Sher,engineer,S10015,CO0319,RO0032,,Khan,CO0342,,,,,,,,,,,,,,,,,,
James Valentine,guitar,S10015,CO0266,RO0040,,Khari Cain,CO0343,,,,,,,,,,,,,,,,,,
Dr. Luke,guitar,S10015,CO0163,RO0040,,Kim Campesinos!,CO0344,,,,,,,,,,,,,,,,,,
Jesse Carmichael,guitar,S10015,CO0285,RO0040,,Kim Subin,CO0345,,,,,,,,,,,,,,,,,,
Adam Levine,leadVoice,S10015,CO0001,RO0047,,Krishnakumar Kunnath KK,CO0346,,,,,,,,,,,,,,,,,,
John Armstrong,assistantEngineer,S10015,CO0300,RO0006,,Kristin Weber,CO0347,,,,,,,,,,,,,,,,,,
Eric Eylands,assistantEngineer,S10015,CO0181,RO0006,,Kyle Davis,CO0348,,,,,,,,,,,,,,,,,,
Rachael Findlen,assistantEngineer,S10015,CO0508,RO0006,,Labrecque,CO0349,,,,,,,,,,,,,,,,,,
Cameron Montgomery,assistantEngineer,S10015,CO0087,RO0006,,Laramee Pelosse,CO0350,,,,,,,,,,,,,,,,,,
Ammo,producer,S10015,CO0026,RO0062,,Larry Muhoberac,CO0351,,,,,,,,,,,,,,,,,,
Cirkut,producer,S10015,CO0111,RO0062,,Larry Smith,CO0352,,,,,,,,,,,,,,,,,,
Mike Posner,additionalVoice,S10015,CO0437,RO0005,,Laura Sisk,CO0353,,,,,,,,,,,,,,,,,,
Freddie Mercury,lyricist,S10016,CO0197,RO0049,,Laurence Love Greed,CO0354,,,,,,,,,,,,,,,,,,
Roger Taylor,drum,S10016,CO0528,RO0028,,Layne Staley,CO0355,,,,,,,,,,,,,,,,,,
Roger Taylor,gong,S10016,CO0528,RO0038,,Lee Alexander,CO0356,,,,,,,,,,,,,,,,,,
Freddie Mercury,piano,S10016,CO0197,RO0060,,Lee Mullin,CO0357,,,,,,,,,,,,,,,,,,
Garmaise,dataSanitization,S10016,CO0202,RO0024,,Lee Sun Kyoung,CO0358,,,,,,,,,,,,,,,,,,
Grandmaster ofMastering,mastering,S10016,CO0211,RO0051,,Lee Taewook,CO0359,,,,,,,,,,,,,,,,,,
Gob Glutton,assistantMixingEngineer,S10016,CO0208,RO0007,,Lelichev,CO0360,,,,,,,,,,,,,,,,,,
Hoang,dataCollection,S10016,CO0234,RO0023,,Lennie Petze,CO0361,,,,,,,,,,,,,,,,,,
John Deacon,bassGuitar,S10016,CO0303,RO0013,,Lennon?McCartney,CO0362,,,,,,,,,,,,,,,,,,
Freddie Mercury,composer,S10016,CO0197,RO0019,,Lenny Zakatek,CO0363,,,,,,,,,,,,,,,,,,
Mixy Twixy,mixingEngineer,S10016,CO0443,RO0054,,Leo Taylor,CO0364,,,,,,,,,,,,,,,,,,
Freddie mercury,backgroundVoice,S10016,CO0197,RO0011,,Leslie Ann Jones,CO0365,,,,,,,,,,,,,,,,,,
Brian May,backgroundVoice,S10016,CO0077,RO0011,,Liang,CO0366,,,,,,,,,,,,,,,,,,
Roger Taylor,backgroundVoice,S10016,CO0528,RO0011,,Ligay,CO0367,,,,,,,,,,,,,,,,,,
William Williams,engineer,S10016,CO0632,RO0032,,Lin,CO0368,,,,,,,,,,,,,,,,,,
Freddie Mercury,leadVoice,S10016,CO0197,RO0047,,Lincoln Parish,CO0369,,,,,,,,,,,,,,,,,,
Roger Taylor,timpani,S10016,CO0528,RO0079,,Liz Rose,CO0370,,,,,,,,,,,,,,,,,,
Bob Blutton,assistantEngineer,S10016,CO0066,RO0006,,Louis Bell,CO0371,,,,,,,,,,,,,,,,,,
Roy Thomas Baker,producer,S10016,CO0533,RO0062,,Lowell Reynolds,CO0372,,,,,,,,,,,,,,,,,,
Brian May,electricGuitar,S10016,CO0077,RO0031,,Luigi Mazzochi,CO0373,,,,,,,,,,,,,,,,,,
Bruno Mars,lyricist,S10017,CO0081,RO0049,,Luis Conte,CO0374,,,,,,,,,,,,,,,,,,
Anderson Park,lyricist,S10017,CO0029,RO0049,,Lukasz Gottwald,CO0375,,,,,,,,,,,,,,,,,,
Christopher Brody Brown,lyricist,S10017,CO0108,RO0049,,Luna Gonzalez,CO0376,,,,,,,,,,,,,,,,,,
Serban Ghenea,mixing,S10017,CO0552,RO0052,,MISA,CO0377,,,,,,,,,,,,,,,,,,
Bryce Bordone,mixingAssistant,S10017,CO0082,RO0053,,Maa,CO0378,,,,,,,,,,,,,,,,,,
Garmaise,dataSanitization,S10017,CO0202,RO0024,,Machado De Souza,CO0379,,,,,,,,,,,,,,,,,,
Randy Merrill,mastering,S10017,CO0512,RO0051,,Madison Parker,CO0380,,,,,,,,,,,,,,,,,,
Cody Chicowski,stringRecorder,S10017,CO0113,RO0071,,Magic VEnture Studios,CO0381,,,,,,,,,,,,,,,,,,
Hoang,dataCollection,S10017,CO0234,RO0023,,Magnus Karlsson,CO0382,,,,,,,,,,,,,,,,,,
Christopher Brody Brown,bassGuitar,S10017,CO0108,RO0013,,Malavika,CO0383,,,,,,,,,,,,,,,,,,
Jonathan Kim,viola,S10017,CO0318,RO0084,,Malay,CO0384,,,,,,,,,,,,,,,,,,
Yoshihiko Nakano,viola,S10017,CO0637,RO0084,,Malay Ho,CO0385,,,,,,,,,,,,,,,,,,
Luigi Mazzochi,violin,S10017,CO0373,RO0085,,Manny Marroquin,CO0386,,,,,,,,,,,,,,,,,,
Emma Kummrow,violin,S10017,CO0178,RO0085,,Marc Droubay,CO0387,,,,,,,,,,,,,,,,,,
Blake Espy,violin,S10017,CO0065,RO0085,,Marc Klasfeld,CO0388,,,,,,,,,,,,,,,,,,
Gared Crawford,violin,S10017,CO0200,RO0085,,Marcos Siega,CO0389,,,,,,,,,,,,,,,,,,
Tess Varley,violin,S10017,CO0592,RO0085,,Mark Birkey,CO0390,,,,,,,,,,,,,,,,,,
Natasha Colkett,violin,S10017,CO0446,RO0085,,Mark Flannery,CO0391,,,,,,,,,,,,,,,,,,
Bruno Mars,composer,S10017,CO0081,RO0019,,Mark Goldenberg,CO0392,,,,,,,,,,,,,,,,,,
John Hanes,mixingEngineer,S10017,CO0306,RO0054,,Mark Mann,CO0393,,,,,,,,,,,,,,,,,,
Charles Moniz,engineer,S10017,CO0095,RO0032,,Mark Ronson,CO0394,,,,,,,,,,,,,,,,,,
Glenn Fischbach,cello,S10017,CO0207,RO0015,,Mark Stent,CO0395,,,,,,,,,,,,,,,,,,
Bruno Mars,guitar,S10017,CO0081,RO0040,,Marshall Mathers,CO0396,,,,,,,,,,,,,,,,,,
Bruno Mars,leadVoice,S10017,CO0081,RO0047,,Marshment,CO0397,,,,,,,,,,,,,,,,,,
Anderson Park,leadVoice,S10017,CO0029,RO0047,,Martin Gore,CO0398,,,,,,,,,,,,,,,,,,
Alex Resoagli,assistantEngineer,S10017,CO0014,RO0006,,Martin L. Gore,CO0399,,,,,,,,,,,,,,,,,,
Charles Moniz,recordingEngineer,S10017,CO0095,RO0064,,"Masterdisk, New York, NY",CO0400,,,,,,,,,,,,,,,,,,
Bruno Mars,producer,S10017,CO0081,RO0062,,Mat Sinner,CO0401,,,,,,,,,,,,,,,,,,
D'Mile,producer,S10017,CO0158,RO0062,,Matt Billingslea,CO0402,,,,,,,,,,,,,,,,,,
Jam Master Jay,voice,S10018,CO0262,RO0086,,Matt Flynn,CO0403,,,,,,,,,,,,,,,,,,
D.M.C.,voice,S10018,CO0117,RO0086,,Matt Green,CO0404,,,,,,,,,,,,,,,,,,
Run-D.M.C.,voice,S10018,CO0534,RO0086,,Matt Helders,CO0405,,,,,,,,,,,,,,,,,,
Masterdisk,studio,S10018,CO0399,RO0073,,Matt Shultz,CO0406,,,,,,,,,,,,,,,,,,
Chung King Studios,studio,S10018,CO0110,RO0073,,Matt Wiggins,CO0407,,,,,,,,,,,,,,,,,,
Shakedown Sound Studios,studio,S10018,CO0556,RO0073,,Matthan Minster,CO0408,,,,,,,,,,,,,,,,,,
Sound Track Recording,studio,S10018,CO0568,RO0073,,Matthew Sheeran,CO0409,,,,,,,,,,,,,,,,,,
Magic VEnture Studios,studio,S10018,CO0376,RO0073,,Matthew Tryba,CO0410,,,,,,,,,,,,,,,,,,
New York City,studio,S10018,CO0450,RO0073,,Mattias Bylund,CO0411,,,,,,,,,,,,,,,,,,
Jam Master Jay,keyboard,S10018,CO0262,RO0044,,Mattias Johansson,CO0412,,,,,,,,,,,,,,,,,,
Larry Smith,lyricist,S10018,CO0352,RO0049,,Mattias Larsson,CO0413,,,,,,,,,,,,,,,,,,
Rick Rubin,lyricist,S10018,CO0517,RO0049,,Mattias Per Larsson,CO0414,,,,,,,,,,,,,,,,,,
Jam Master Jay,lyricist,S10018,CO0262,RO0049,,Max Bernstein,CO0415,,,,,,,,,,,,,,,,,,
Rev Run,lyricist,S10018,CO0514,RO0049,,Max Lord,CO0416,,,,,,,,,,,,,,,,,,
D.M.C.,lyricist,S10018,CO0117,RO0049,,Max Martin,CO0417,,,,,,,,,,,,,,,,,,
Steve Ett,engineer,S10018,CO0573,RO0032,,Mel-Man,CO0418,,,,,,,,,,,,,,,,,,
Peter Millius,engineer,S10018,CO0490,RO0032,,Melanie Fontana,CO0419,,,,,,,,,,,,,,,,,,
Jay Burnett,engineer,S10018,CO0275,RO0032,,Merethe Soltvedt,CO0420,,,,,,,,,,,,,,,,,,
Andy Wallace,engineer,S10018,CO0038,RO0032,,Metro Voices,CO0421,,,,,,,,,,,,,,,,,,
Jam Master Jay,co-producer,S10018,CO0262,RO0022,,Mic Michaeli,CO0422,,,,,,,,,,,,,,,,,,
Rev Run,co-producer,S10018,CO0514,RO0022,,Michael Ilbert,CO0423,,,,,,,,,,,,,,,,,,
Garmaise,dataSanitization,S10018,CO0202,RO0024,,Michael Jackson,CO0424,,,,,,,,,,,,,,,,,,
Howie Weinberg,mastering,S10018,CO0236,RO0051,,Michael Park,CO0425,,,,,,,,,,,,,,,,,,
Hristov,dataCollection,S10018,CO0237,RO0023,,Michael Polonchak,CO0426,,,,,,,,,,,,,,,,,,
Taylor Swift,lyricist,S10019,CO0587,RO0049,,Michael Riddleberger,CO0427,,,,,,,,,,,,,,,,,,
Shellback,lyricist,S10019,CO0558,RO0049,,Michael Thompson,CO0428,,,,,,,,,,,,,,,,,,
Max Martin,lyricist,S10019,CO0417,RO0049,,Michael Urbano,CO0429,,,,,,,,,,,,,,,,,,
Matt Billingslea,drum,S10019,CO0402,RO0028,,Micheal Urbano,CO0430,,,,,,,,,,,,,,,,,,
Garmaise,dataSanitization,S10019,CO0202,RO0024,,Mickey Madden,CO0431,,,,,,,,,,,,,,,,,,
RTom Coyne,mastering,S10019,CO0533,RO0051,,Mike Bozzi,CO0432,,,,,,,,,,,,,,,,,,
Matt Billingslea,percussion,S10019,CO0402,RO0059,,Mike Clink,CO0433,,,,,,,,,,,,,,,,,,
Shellback,acousticGuitar,S10019,CO0558,RO0001,,Mike Elizondo,CO0434,,,,,,,,,,,,,,,,,,
Huang,dataCollection,S10019,CO0239,RO0023,,Mike Fuentes,CO0435,,,,,,,,,,,,,,,,,,
Paul Sidoti,bassGuitar,S10019,CO0483,RO0013,,Mike Meadows,CO0436,,,,,,,,,,,,,,,,,,
Max Martin,keyboard,S10019,CO0417,RO0044,,Mike Posner,CO0437,,,,,,,,,,,,,,,,,,
Mattias Johansson,violin,S10019,CO0412,RO0085,,Mike Starr,CO0438,,,,,,,,,,,,,,,,,,
Taylor Swift,composer,S10019,CO0587,RO0019,,Mike Truman,CO0439,,,,,,,,,,,,,,,,,,
Max Martin,composer,S10019,CO0417,RO0019,,Mikkel Storleer Eriksen,CO0440,,,,,,,,,,,,,,,,,,
John Hanes,mixingEngineer,S10019,CO0306,RO0054,,Miku Kobato,CO0441,,,,,,,,,,,,,,,,,,
Taylor Swift,backgroundVoice,S10019,CO0587,RO0011,,Miles Walker,CO0442,,,,,,,,,,,,,,,,,,
John Hanes,engineer,S10019,CO0306,RO0032,,Mixy Twixy,CO0443,,,,,,,,,,,,,,,,,,
Christopher Rowe,engineer,S10019,CO0109,RO0032,,Murillo,CO0444,,,,,,,,,,,,,,,,,,
Randy Merrill,engineer,S10019,CO0512,RO0032,,Natalie Spehar,CO0445,,,,,,,,,,,,,,,,,,
David Bukovinszky ,cello,S10019,CO0117,RO0015,,Natasha Colkett,CO0446,,,,,,,,,,,,,,,,,,
Taylor Swift,leadVoice,S10019,CO0587,RO0047,,Nate Hertweck,CO0447,,,,,,,,,,,,,,,,,,
Michael Ilbert,recordingEngineer,S10019,CO0423,RO0064,,Needlz,CO0448,,,,,,,,,,,,,,,,,,
Sam Holland,recordingEngineer,S10019,CO0543,RO0064,,Neil Campesinos!,CO0449,,,,,,,,,,,,,,,,,,
Mattias Bylund,recordingEngineer,S10019,CO0411,RO0064,,Neil Jason,CO0450,,,,,,,,,,,,,,,,,,
Shellback,producer,S10019,CO0558,RO0062,,"New York City, New York",CO0451,,,,,,,,,,,,,,,,,,
Max Martin,producer,S10019,CO0417,RO0062,,Neyla Pekarek,CO0452,,,,,,,,,,,,,,,,,,
Shellback,electricGuitar,S10019,CO0558,RO0031,,Nicholas Vegas,CO0453,,,,,,,,,,,,,,,,,,
Christopher Rowe,voiceEngineering,S10019,CO0109,RO0087,,Nick Bockrath,CO0454,,,,,,,,,,,,,,,,,,
Ed Sheeran,lyricist,S10020,CO0167,RO0049,,Nick Movshon,CO0455,,,,,,,,,,,,,,,,,,
Joe Rubel,rhythmGuitar,S10020,CO0297,RO0065,,Nick O'Malley,CO0456,,,,,,,,,,,,,,,,,,
Ed Sheeran,drum,S10020,CO0167,RO0028,,Nikolaj Torp Larsen,CO0457,,,,,,,,,,,,,,,,,,
Laurence Love Greed,piano,S10020,CO0354,RO0060,,Noah Passovoy,CO0458,,,,,,,,,,,,,,,,,,
Garmaise,dataSanitization,S10020,CO0202,RO0024,,Noah40Shebib,CO0459,,,,,,,,,,,,,,,,,,
Stuart Hawkes,mastering,S10020,CO0580,RO0051,,Noel Cadastre,CO0460,,,,,,,,,,,,,,,,,,
Ed Sheeran,percussion,S10020,CO0167,RO0059,,Noel Campbell,CO0461,,,,,,,,,,,,,,,,,,
Geoff Swan,assistantMixingEngineer,S10020,CO0203,RO0007,,Noel Patrick Zancanella,CO0462,,,,,,,,,,,,,,,,,,
Ed Sheeran,acousticGuitar,S10020,CO0167,RO0001,,Norah Jones,CO0463,,,,,,,,,,,,,,,,,,
Huynh,dataCollection,S10020,CO0240,RO0023,,Norman Smith,CO0464,,,,,,,,,,,,,,,,,,
Joe Rubel,bassGuitar,S10020,CO0297,RO0013,,Obadia,CO0465,,,,,,,,,,,,,,,,,,
Ed Sheeran,bassGuitar,S10020,CO0167,RO0013,,Ollie Campesinos!,CO0466,,,,,,,,,,,,,,,,,,
Ed Sheeran,composer,S10020,CO0167,RO0019,,Om'Mas Keith,CO0467,,,,,,,,,,,,,,,,,,
Matthew Sheeran,composer,S10020,CO0409,RO0019,,OneRepublic,CO0468,,,,,,,,,,,,,,,,,,
Geoff Swan,mixingEngineer,S10020,CO0203,RO0054,,Onipchenko,CO0469,,,,,,,,,,,,,,,,,,
Ed Sheeran,backgroundVoice,S10020,CO0167,RO0011,,Orfanidis,CO0470,,,,,,,,,,,,,,,,,,
Joe Rubel,engineer,S10020,CO0297,RO0032,,Oscar Holter,CO0471,,,,,,,,,,,,,,,,,,
Peter Gregson,cello,S10020,CO0488,RO0015,,Oscar Hotler,CO0472,,,,,,,,,,,,,,,,,,
Ed Sheeran,leadVoice,S10020,CO0167,RO0047,,Ozzy Osbourne,CO0473,,,,,,,,,,,,,,,,,,
Paul Pritchard,assistantEngineer,S10020,CO0482,RO0006,,PJ Morton,CO0474,,,,,,,,,,,,,,,,,,
Jack Fairbrother,assistantEngineer,S10020,CO0257,RO0006,,Park Jin Hee,CO0475,,,,,,,,,,,,,,,,,,
Ed Sheeran,producer,S10020,CO0167,RO0062,,Park Jun Tae,CO0476,,,,,,,,,,,,,,,,,,
Will Hicks,producer,S10020,CO0630,RO0062,,Paul De Lisle,CO0477,,,,,,,,,,,,,,,,,,
Joe Rubel,producer,S10020,CO0297,RO0062,,Paul Epworth,CO0478,,,,,,,,,,,,,,,,,,
Joe Rubel,drumProgramming,S10020,CO0297,RO0030,,Paul Jackson Jr.,CO0479,,,,,,,,,,,,,,,,,,
Ed Sheeran,drumProgramming,S10020,CO0167,RO0030,,Paul Lamalfa,CO0480,,,,,,,,,,,,,,,,,,
Birdman West,studio,S10021,CO0064,RO0073,,Paul McCartney,CO0481,,,,,,,,,,,,,,,,,,
MISA,bassGuitar,S10021,CO0442,RO0013,,Paul Pritchard,CO0482,,,,,,,,,,,,,,,,,,
Kentaro Akutsu,lyricist,S10021,CO0334,RO0049,,Paul Sidoti,CO0483,,,,,,,,,,,,,,,,,,
Kentaru Akutsu,composer,S10021,CO0335,RO0019,,Pdogg,CO0484,,,,,,,,,,,,,,,,,,
Miku Kobato,backgroundVoice,S10021,CO0441,RO0011,,Pereira Costa,CO0485,,,,,,,,,,,,,,,,,,
Hirose Akane,drum,S10021,CO0232,RO0028,,Pete Hutchings,CO0486,,,,,,,,,,,,,,,,,,
Saiki Atsumi,leadVoice,S10021,CO0542,RO0047,,Peter Gosling,CO0487,,,,,,,,,,,,,,,,,,
Garmaise,dataSanitization,S10021,CO0202,RO0024,,Peter Gregson,CO0488,,,,,,,,,,,,,,,,,,
Miku Kobato,electricGuitar,S10021,CO0441,RO0031,,Peter Iversen,CO0489,,,,,,,,,,,,,,,,,,
Kanami Tèçno,electricGuitar,S10021,CO0329,RO0031,,Peter Millius,CO0490,,,,,,,,,,,,,,,,,,
Hu,dataCollection,S10021,CO0238,RO0023,,Peter Wood,CO0491,,,,,,,,,,,,,,,,,,
David Paton,bassGuitar,S10022,CO0117,RO0013,,Phil Bonanno,CO0492,,,,,,,,,,,,,,,,,,
Eric Woolfson,keyboard,S10022,CO0183,RO0044,,Phil Collins,CO0493,,,,,,,,,,,,,,,,,,
Eric Woolfson,lyricist,S10022,CO0183,RO0049,,Phil Legg,CO0494,,,,,,,,,,,,,,,,,,
Alan Parsons,composer,S10022,CO0007,RO0019,,Phil Seaford,CO0495,,,,,,,,,,,,,,,,,,
Eric Woolfson,composer,S10022,CO0183,RO0019,,Phil Tan,CO0496,,,,,,,,,,,,,,,,,,
Stuart Tosh,drum,S10022,CO0581,RO0028,,Philip G. Atwell,CO0497,,,,,,,,,,,,,,,,,,
Alan Parsons,engineer,S10022,CO0007,RO0032,,Philip Lawrence,CO0498,,,,,,,,,,,,,,,,,,
Ian Bairnson,guitar,S10022,CO0244,RO0040,,Pino pischetola,CO0499,,,,,,,,,,,,,,,,,,
Lenny Zakatek,leadVoice,S10022,CO0363,RO0047,,Pontolillo,CO0500,,,,,,,,,,,,,,,,,,
Garmaise,dataSanitization,S10022,CO0202,RO0024,,Post Malone,CO0501,,,,,,,,,,,,,,,,,,
Alan Parsons,producer,S10022,CO0007,RO0062,,Prasanna,CO0502,,,,,,,,,,,,,,,,,,
Internoscia,dataCollection,S10022,CO0247,RO0023,,Quaz,CO0503,,,,,,,,,,,,,,,,,,
H.O.S,studio,S10023,CO0220,RO0073,,Quincy Jones,CO0504,,,,,,,,,,,,,,,,,,
Steve Harwell,voice,S10023,CO0574,RO0086,,RM,CO0505,,,,,,,,,,,,,,,,,,
Paul De Lisle,voice,S10023,CO0477,RO0086,,RTom Coyne,CO0506,,,,,,,,,,,,,,,,,,
Greg Camp,lyricist,S10023,CO0212,RO0049,,Rabanal,CO0507,,,,,,,,,,,,,,,,,,
Greg Camp,composer,S10023,CO0212,RO0019,,Rachael Findlen,CO0508,,,,,,,,,,,,,,,,,,
Eric Valentine,mixing,S10023,CO0182,RO0052,,Ralf Scheepers,CO0509,,,,,,,,,,,,,,,,,,
Greg Camp,backgroundVoice,S10023,CO0212,RO0011,,Ramirez Mejia,CO0510,,,,,,,,,,,,,,,,,,
Micheal Urbano,drum,S10023,CO0430,RO0028,,Randy Merril,CO0511,,,,,,,,,,,,,,,,,,
Eric Valentine,engineer,S10023,CO0182,RO0032,,Randy Merrill,CO0512,,,,,,,,,,,,,,,,,,
Trevor Adkinson,engineer,S10023,CO0614,RO0032,,Rayvich,CO0513,,,,,,,,,,,,,,,,,,
Greg Camp,guitar,S10023,CO0212,RO0040,,Rev Run,CO0514,,,,,,,,,,,,,,,,,,
Paul De Lisle,bass,S10023,CO0477,RO0012,,Rick Chertoff,CO0515,,,,,,,,,,,,,,,,,,
Garmaise,dataSanitization,S10023,CO0202,RO0024,,Rick Clifford,CO0516,,,,,,,,,,,,,,,,,,
Greg Camp,additionalKeyboard,S10023,CO0212,RO0003,,Rick Rubin,CO0517,,,,,,,,,,,,,,,,,,
Brian Gardner,mastering,S10023,CO0075,RO0051,,Ringo Starr,CO0518,,,,,,,,,,,,,,,,,,
Eric Valentine,producer,S10023,CO0182,RO0062,,Rob Cavallo,CO0519,,,,,,,,,,,,,,,,,,
Ivan,dataCollection,S10023,CO0251,RO0023,,Rob Hyman,CO0520,,,,,,,,,,,,,,,,,,
Ozzy Osbourne,voice,S10024,CO0473,RO0086,,Robbie Meza,CO0521,,,,,,,,,,,,,,,,,,
Travis Scott,voice,S10024,CO0613,RO0086,,Robert Plant,CO0522,,,,,,,,,,,,,,,,,,
Andrew Watt,lyricist,S10024,CO0034,RO0049,,Robert Vosgien,CO0523,,,,,,,,,,,,,,,,,,
Billy Walsh,lyricist,S10024,CO0063,RO0049,,Robidoux,CO0524,,,,,,,,,,,,,,,,,,
Ozzy Osbourne,lyricist,S10024,CO0473,RO0049,,Robin Florent,CO0525,,,,,,,,,,,,,,,,,,
Post Malone,lyricist,S10024,CO0501,RO0049,,Robin Fredriksson,CO0526,,,,,,,,,,,,,,,,,,
Louis Bell,lyricist,S10024,CO0371,RO0049,,Robin Lennart Fredriksson,CO0527,,,,,,,,,,,,,,,,,,
Travis Scott,lyricist,S10024,CO0613,RO0049,,Roger Taylor,CO0528,,,,,,,,,,,,,,,,,,
Austin Richard Post,composer,S10024,CO0049,RO0019,,Ron Champagne,CO0529,,,,,,,,,,,,,,,,,,
Manny Marroquin,mixingEngineer,S10024,CO0386,RO0054,,Ronald LaTour,CO0530,,,,,,,,,,,,,,,,,,
Chad Smith,drum,S10024,CO0093,RO0028,,Ronald Moono,CO0531,,,,,,,,,,,,,,,,,,
Post Malone,leadVoice,S10024,CO0501,RO0047,,Ross Orton,CO0532,,,,,,,,,,,,,,,,,,
Louis Bell,recordingEngineer,S10024,CO0371,RO0064,,Roy Thomas Baker,CO0533,,,,,,,,,,,,,,,,,,
Paul Lamalfa,recordingEngineer,S10024,CO0480,RO0064,,Run-D.M.C.,CO0534,,,,,,,,,,,,,,,,,,
Garmaise,dataSanitization,S10024,CO0202,RO0024,,Russian Federal Orchestra,CO0535,,,,,,,,,,,,,,,,,,
Mike Bozzi,mastering,S10024,CO0432,RO0051,,Ryan Hewitt,CO0536,,,,,,,,,,,,,,,,,,
Chris Galland,assistantMixingEngineer,S10024,CO0100,RO0007,,Ryan Knotl,CO0537,,,,,,,,,,,,,,,,,,
Robin Florent,assistantMixingEngineer,S10024,CO0525,RO0007,,Ryan Lipman,CO0538,,,,,,,,,,,,,,,,,,
Scott Desmarais,assistantMixingEngineer,S10024,CO0546,RO0007,,Ryan McCormick,CO0539,,,,,,,,,,,,,,,,,,
Andrew Watt,producer,S10024,CO0034,RO0062,,Ryan Tedder,CO0540,,,,,,,,,,,,,,,,,,
Louis Bell,producer,S10024,CO0371,RO0062,,Ryan Zinings,CO0541,,,,,,,,,,,,,,,,,,
Andrew Watt,electricGuitar,S10024,CO0034,RO0031,,Saiki Atsumi,CO0542,,,,,,,,,,,,,,,,,,
Khan,dataCollection,S10024,CO0342,RO0023,,Sam Holland,CO0543,,,,,,,,,,,,,,,,,,
Matthan Minster,keyboard,S10025,CO0408,RO0044,,Samantha Boshnack,CO0544,,,,,,,,,,,,,,,,,,
Daniel Tichenor,lyricist,S10025,CO0117,RO0049,,Scott Chopps,CO0545,,,,,,,,,,,,,,,,,,
Matt Shultz,lyricist,S10025,CO0406,RO0049,,Scott Desmarais,CO0546,,,,,,,,,,,,,,,,,,
Brad Shultz,lyricist,S10025,CO0071,RO0049,,Scott Yarmovsky,CO0547,,,,,,,,,,,,,,,,,,
Lincoln Parish,lyricist,S10025,CO0369,RO0049,,Sean Hutchinson,CO0548,,,,,,,,,,,,,,,,,,
Jared Champion,lyricist,S10025,CO0270,RO0049,,Sean Kinney,CO0549,,,,,,,,,,,,,,,,,,
Ben Baptie,mixing,S10025,CO0054,RO0052,,Sean Klein,CO0550,,,,,,,,,,,,,,,,,,
Matthan Minster,backgroundVoice,S10025,CO0408,RO0011,,Sebastian AkchotÇ,CO0551,,,,,,,,,,,,,,,,,,
Nick Bockrath,backgroundVoice,S10025,CO0454,RO0011,,Serban Ghenea,CO0552,,,,,,,,,,,,,,,,,,
Jared Champion,drum,S10025,CO0270,RO0028,,Serben Ghenea,CO0553,,,,,,,,,,,,,,,,,,
Matt Shultz,leadVoice,S10025,CO0406,RO0047,,Serj Tankian,CO0554,,,,,,,,,,,,,,,,,,
Daniel Tichenor,bass,S10025,CO0117,RO0012,,Serj tankian,CO0555,,,,,,,,,,,,,,,,,,
Ben Baptie,recordingEngineer,S10025,CO0054,RO0064,,Shakedown Sound Studios,CO0556,,,,,,,,,,,,,,,,,,
Nick Bockrath,strings,S10025,CO0454,RO0072,,Shavo Odadjian,CO0557,,,,,,,,,,,,,,,,,,
Charles Callahan,strings,S10025,CO0094,RO0072,,Shellback,CO0558,,,,,,,,,,,,,,,,,,
Kaitlin Moreno,strings,S10025,CO0328,RO0072,,Shin Kamiyama,CO0559,,,,,,,,,,,,,,,,,,
Michael Polonchak,strings,S10025,CO0426,RO0072,,Shreya Ghoshal,CO0560,,,,,,,,,,,,,,,,,,
Natalie Spehar,strings,S10025,CO0445,RO0072,,Sidney Sax,CO0561,,,,,,,,,,,,,,,,,,
Ryan Knotl,strings,S10025,CO0537,RO0072,,Simon Rhodes,CO0562,,,,,,,,,,,,,,,,,,
Andrea Vogt,strings,S10025,CO0031,RO0072,,Simone Felice,CO0563,,,,,,,,,,,,,,,,,,
Austin Hoke,strings,S10025,CO0048,RO0072,,Sivakolunthu,CO0564,,,,,,,,,,,,,,,,,,
Kristin Weber,strings,S10025,CO0347,RO0072,,Smith Carlson,CO0565,,,,,,,,,,,,,,,,,,
Alexander Grimes,strings,S10025,CO0019,RO0072,,Sologub,CO0566,,,,,,,,,,,,,,,,,,
Emily Nelson,strings,S10025,CO0175,RO0072,,"Sony Music Studios, NYC",CO0567,,,,,,,,,,,,,,,,,,
Avery Bright,strings,S10025,CO0050,RO0072,,Sound Track Recording,CO0568,,,,,,,,,,,,,,,,,,
Carl Larson,strings,S10025,CO0089,RO0072,,Stargate,CO0569,,,,,,,,,,,,,,,,,,
Gina Corso,strings,S10025,CO0206,RO0072,,Stepehn Marcussen,CO0570,,,,,,,,,,,,,,,,,,
Garmaise,dataSanitization,S10025,CO0202,RO0024,,Stephan Ellis,CO0571,,,,,,,,,,,,,,,,,,
Matthan Minster,vibraphone,S10025,CO0408,RO0083,,Stephen Sedgwick,CO0572,,,,,,,,,,,,,,,,,,
Randy Merrill,mastering,S10025,CO0512,RO0051,,Steve Ett,CO0573,,,,,,,,,,,,,,,,,,
Kyle Davis,percussion,S10025,CO0348,RO0059,,Steve Harwell,CO0574,,,,,,,,,,,,,,,,,,
Matthan Minster,percussion,S10025,CO0408,RO0059,,Steve King,CO0575,,,,,,,,,,,,,,,,,,
Nick Bockrath,acousticGuitar,S10025,CO0454,RO0001,,Steve Lukather,CO0576,,,,,,,,,,,,,,,,,,
Daniel Tichenor,acousticGuitar,S10025,CO0117,RO0001,,Steve Lyon,CO0577,,,,,,,,,,,,,,,,,,
Brad Shultz,acousticGuitar,S10025,CO0071,RO0001,,Steve Porcaro,CO0578,,,,,,,,,,,,,,,,,,
Matt Shultz,acousticGuitar,S10025,CO0406,RO0001,,Steven S Miller,CO0579,,,,,,,,,,,,,,,,,,
Labrecque,dataCollection,S10025,CO0349,RO0023,,Stuart Hawkes,CO0580,,,,,,,,,,,,,,,,,,
Arvin Danny Jeyathasan,lyricist,S10026,CO0046,RO0049,,Stuart Tosh,CO0581,,,,,,,,,,,,,,,,,,
Zensei,composer,S10026,CO0643,RO0019,,Suga,CO0582,,,,,,,,,,,,,,,,,,
Zensei,mixingEngineer,S10026,CO0643,RO0054,,Takata,CO0583,,,,,,,,,,,,,,,,,,
Viktoria Sunshine,leadVoice,S10026,CO0624,RO0047,,Takeshi Taneda,CO0584,,,,,,,,,,,,,,,,,,
Merethe Soltvedt,leadVoice,S10026,CO0420,RO0047,,Tang,CO0585,,,,,,,,,,,,,,,,,,
Garmaise,dataSanitization,S10026,CO0202,RO0024,,Tatsuya Sato,CO0586,,,,,,,,,,,,,,,,,,
Zensei,mastering,S10026,CO0643,RO0051,,Taylor Swift,CO0587,,,,,,,,,,,,,,,,,,
Zensei,producer,S10026,CO0643,RO0062,,Tchad Blake,CO0588,,,,,,,,,,,,,,,,,,
Laramee Pelosse,dataCollection,S10026,CO0350,RO0023,,Tebeng Nzodoum,CO0589,,,,,,,,,,,,,,,,,,
Mike Elizondo,bassGuitar,S10027,CO0434,RO0013,,Ted Jensen,CO0590,,,,,,,,,,,,,,,,,,
Tommy Coster,keyboard,S10027,CO0608,RO0044,,Ted Poley,CO0591,,,,,,,,,,,,,,,,,,
Eminem,lyricist,S10027,CO0177,RO0049,,Tess Varley,CO0592,,,,,,,,,,,,,,,,,,
Ander Young,composer,S10027,CO0028,RO0019,,The 45 King,CO0593,,,,,,,,,,,,,,,,,,
Marshall Mathers,composer,S10027,CO0396,RO0019,,The Influence,CO0594,,,,,,,,,,,,,,,,,,
Tommy Coster,composer,S10027,CO0608,RO0019,,"The Record Plant, Hollywood, CA",CO0595,,,,,,,,,,,,,,,,,,
Dr.Dre,mixingEngineer,S10027,CO0164,RO0054,,The Smeezingtons,CO0596,,,,,,,,,,,,,,,,,,
Eminem,leadVoice,S10027,CO0177,RO0047,,The Weeknd,CO0597,,,,,,,,,,,,,,,,,,
Garmaise,dataSanitization,S10027,CO0202,RO0024,,Thomas Bowes,CO0598,,,,,,,,,,,,,,,,,,
Dr.Dre,producer,S10027,CO0164,RO0062,,Tim Gomringer,CO0599,,,,,,,,,,,,,,,,,,
Mel-Man,producer,S10027,CO0419,RO0062,,Tim Pierce,CO0600,,,,,,,,,,,,,,,,,,
Lelichev,dataCollection,S10027,CO0360,RO0023,,Tim Roberts,CO0601,,,,,,,,,,,,,,,,,,
Amirbai Karnataki,lyricist,S10028,CO0025,RO0049,,Toledo,CO0602,,,,,,,,,,,,,,,,,,
DJ Frank E,harp,S10028,CO0120,RO0042,,Tom Bahler,CO0603,,,,,,,,,,,,,,,,,,
DJ Frank E,harp,S10028,CO0120,RO0042,,Tom Campesinos!,CO0604,,,,,,,,,,,,,,,,,,
Drew Brown,rhythmGuitar,S10028,CO0166,RO0065,,Tom Coyne,CO0605,,,,,,,,,,,,,,,,,,
Chloe,drum,S10028,CO0099,RO0028,,Tom Elmhirst,CO0606,,,,,,,,,,,,,,,,,,
Andrew Cedar,drum,S10028,CO0032,RO0028,,Tom Herbert,CO0607,,,,,,,,,,,,,,,,,,
Garmaise,dataSanitization,S10028,CO0202,RO0024,,Tommy Coster,CO0608,,,,,,,,,,,,,,,,,,
Alka Ajith,mastering,S10028,CO0021,RO0051,,Tony Gilbert,CO0609,,,,,,,,,,,,,,,,,,
Javed Ali,mastering,S10028,CO0274,RO0051,,Tony Harnell,CO0610,,,,,,,,,,,,,,,,,,
Jubin Nautiyal,percussion,S10028,CO0323,RO0059,,Tony Perry,CO0611,,,,,,,,,,,,,,,,,,
Shreya Ghoshal,percussion,S10028,CO0560,RO0059,,Tor Erik Hermansen,CO0612,,,,,,,,,,,,,,,,,,
DJ Frank E,assistantMixingEngineer,S10028,CO0120,RO0007,,Travis Scott,CO0613,,,,,,,,,,,,,,,,,,
Marc Klasfeld,assistantMixingEngineer,S10028,CO0388,RO0007,,Trevor Adkinson,CO0614,,,,,,,,,,,,,,,,,,
Wiz Khalifa,acousticGuitar,S10028,CO0634,RO0001,,Trident,CO0615,,,,,,,,,,,,,,,,,,
Charlie Puth,acousticGuitar,S10028,CO0096,RO0001,,Trinh,CO0616,,,,,,,,,,,,,,,,,,
Liang,dataCollection,S10028,CO0366,RO0023,,Tupac Amaru Shakur,CO0617,,,,,,,,,,,,,,,,,,
Marc Klasfeld,bassGuitar,S10028,CO0388,RO0013,,Turdalieva,CO0618,,,,,,,,,,,,,,,,,,
Malavika,bassGuitar,S10028,CO0383,RO0013,,Tyruss Himes,CO0619,,,,,,,,,,,,,,,,,,
Guy A. Marco,keyboard,S10028,CO0218,RO0044,,V,CO0620,,,,,,,,,,,,,,,,,,
Andrew Cedar,keyboard,S10028,CO0032,RO0044,,Vecchiarelli,CO0621,,,,,,,,,,,,,,,,,,
Andrew Cedar,composer,S10028,CO0032,RO0019,,Veloso,CO0622,,,,,,,,,,,,,,,,,,
Javed Ali,mixingEngineer,S10028,CO0274,RO0054,,Vic Fuentes,CO0623,,,,,,,,,,,,,,,,,,
Krishnakumar Kunnath KK,mixingEngineer,S10028,CO0346,RO0054,,Viktoria Sunshine,CO0624,,,,,,,,,,,,,,,,,,
Charlie Puth,backgroundVoice,S10028,CO0096,RO0011,,Vladmimir Meller,CO0625,,,,,,,,,,,,,,,,,,
Marc Klasfeld,backgroundVoice,S10028,CO0388,RO0011,,Voskerchyan,CO0626,,,,,,,,,,,,,,,,,,
Annie,engineer,S10028,CO0039,RO0032,,Vu,CO0627,,,,,,,,,,,,,,,,,,
DJ Frank E,engineer,S10028,CO0120,RO0032,,Wayne Sermon,CO0628,,,,,,,,,,,,,,,,,,
Alka Yagnik,leadVoice,S10028,CO0022,RO0047,,Wesley Schultz,CO0629,,,,,,,,,,,,,,,,,,
Malavika,leadVoice,S10028,CO0383,RO0047,,Will Hicks,CO0630,,,,,,,,,,,,,,,,,,
Charlie Puth,assistantEngineer,S10028,CO0096,RO0006,,Will Quinnell,CO0631,,,,,,,,,,,,,,,,,,
Marc Klasfeld,assistantEngineer,S10028,CO0388,RO0006,,William Williams,CO0632,,,,,,,,,,,,,,,,,,
Krishnakumar Kunnath KK,producer,S10028,CO0346,RO0062,,William Wittman,CO0633,,,,,,,,,,,,,,,,,,
Shreya Ghoshal,producer,S10028,CO0560,RO0062,,Wiz Khalifa,CO0634,,,,,,,,,,,,,,,,,,
The Weeknd,bassGuitar,S10029,CO0597,RO0013,,Yeri Kang,CO0635,,,,,,,,,,,,,,,,,,
Max Martin,bassGuitar,S10029,CO0417,RO0013,,YongSeok Choi,CO0636,,,,,,,,,,,,,,,,,,
Oscar Holter,bassGuitar,S10029,CO0471,RO0013,,Yoshihiko Nakano,CO0637,,,,,,,,,,,,,,,,,,
The Weeknd,keyboard,S10029,CO0597,RO0044,,Yuji Naka,CO0638,,,,,,,,,,,,,,,,,,
Max Martin,keyboard,S10029,CO0417,RO0044,,Yukifumi Makino,CO0639,,,,,,,,,,,,,,,,,,
Oscar Holter,keyboard,S10029,CO0471,RO0044,,Yung Exclusive,CO0640,,,,,,,,,,,,,,,,,,
The Weeknd,lyricist,S10029,CO0597,RO0049,,Zac Pennington,CO0641,,,,,,,,,,,,,,,,,,
The Weeknd,composer,S10029,CO0597,RO0019,,Zach Filkins,CO0642,,,,,,,,,,,,,,,,,,
Belly,composer,S10029,CO0053,RO0019,,Zensei,CO0643,,,,,,,,,,,,,,,,,,
Jason Quenneville,composer,S10029,CO0273,RO0019,,,,,,,,,,,,,,,,,,,,,
Max Martin,composer,S10029,CO0417,RO0019,,,,,,,,,,,,,,,,,,,,,
Oscar Holter,composer,S10029,CO0471,RO0019,,,,,,,,,,,,,,,,,,,,,
Serban Ghenea,mixingEngineer,S10029,CO0552,RO0054,,,,,,,,,,,,,,,,,,,,,
The Weeknd,drum,S10029,CO0597,RO0028,,,,,,,,,,,,,,,,,,,,,
Max Martin,drum,S10029,CO0417,RO0028,,,,,,,,,,,,,,,,,,,,,
Oscar Holter,drum,S10029,CO0471,RO0028,,,,,,,,,,,,,,,,,,,,,
Shin Kamiyama,engineer,S10029,CO0559,RO0032,,,,,,,,,,,,,,,,,,,,,
The Weeknd,leadVoice,S10029,CO0597,RO0047,,,,,,,,,,,,,,,,,,,,,
Cory Bice,assistantEngineer,S10029,CO0114,RO0006,,,,,,,,,,,,,,,,,,,,,
Jeremy Lertola,assistantEngineer,S10029,CO0283,RO0006,,,,,,,,,,,,,,,,,,,,,
Sean Klein,assistantEngineer,S10029,CO0550,RO0006,,,,,,,,,,,,,,,,,,,,,
Garmaise,dataSanitization,S10029,CO0202,RO0024,,,,,,,,,,,,,,,,,,,,,
Dave Kutch,mastering,S10029,CO0117,RO0051,,,,,,,,,,,,,,,,,,,,,
Kevin Peterson,mastering,S10029,CO0339,RO0051,,,,,,,,,,,,,,,,,,,,,
John Hanes,assistantMixingEngineer,S10029,CO0306,RO0007,,,,,,,,,,,,,,,,,,,,,
The Weeknd,producer,S10029,CO0597,RO0062,,,,,,,,,,,,,,,,,,,,,
Max Martin,producer,S10029,CO0417,RO0062,,,,,,,,,,,,,,,,,,,,,
Oscar Holter,producer,S10029,CO0471,RO0062,,,,,,,,,,,,,,,,,,,,,
The Weeknd,acousticGuitar,S10029,CO0597,RO0001,,,,,,,,,,,,,,,,,,,,,
Max Martin,acousticGuitar,S10029,CO0417,RO0001,,,,,,,,,,,,,,,,,,,,,
Oscar Holter,acousticGuitar,S10029,CO0471,RO0001,,,,,,,,,,,,,,,,,,,,,
Ligay,dataCollection,S10029,CO0367,RO0023,,,,,,,,,,,,,,,,,,,,,
Andrew Wotman,lyricist,S10030,CO0035,RO0049,,,,,,,,,,,,,,,,,,,,,
Andre Owen,rhythmGuitar,S10030,CO0030,RO0065,,,,,,,,,,,,,,,,,,,,,
Eddie Fisher,drum,S10030,CO0168,RO0028,,,,,,,,,,,,,,,,,,,,,
Garmaise,dataSanitization,S10030,CO0202,RO0024,,,,,,,,,,,,,,,,,,,,,
Anthony Peterson,mastering,S10030,CO0040,RO0051,,,,,,,,,,,,,,,,,,,,,
Alexander Deveman,mastering,S10030,CO0017,RO0051,,,,,,,,,,,,,,,,,,,,,
Eddie Fisher,percussion,S10030,CO0168,RO0059,,,,,,,,,,,,,,,,,,,,,
Ryan Lipman,assistantMixingEngineer,S10030,CO0538,RO0007,,,,,,,,,,,,,,,,,,,,,
Benjamin Portman,acousticGuitar,S10030,CO0057,RO0001,,,,,,,,,,,,,,,,,,,,,
Lin,dataCollection,S10030,CO0368,RO0023,,,,,,,,,,,,,,,,,,,,,
Ryan Zinings,bassGuitar,S10030,CO0541,RO0013,,,,,,,,,,,,,,,,,,,,,
Ryan Tedder,keyboard,S10030,CO0540,RO0044,,,,,,,,,,,,,,,,,,,,,
Ryan Tedder,composer,S10030,CO0540,RO0019,,,,,,,,,,,,,,,,,,,,,
Ali Tamposi,mixingEngineer,S10030,CO0020,RO0054,,,,,,,,,,,,,,,,,,,,,
Alessandro Lindblad,backgroundVoice,S10030,CO0010,RO0011,,,,,,,,,,,,,,,,,,,,,
Jamie Lidderdale,backgroundVoice,S10030,CO0268,RO0011,,,,,,,,,,,,,,,,,,,,,
Madison Parker,backgroundVoice,S10030,CO0376,RO0011,,,,,,,,,,,,,,,,,,,,,
Nicholas Vegas,backgroundVoice,S10030,CO0453,RO0011,,,,,,,,,,,,,,,,,,,,,
Smith Carlson,engineer,S10030,CO0565,RO0032,,,,,,,,,,,,,,,,,,,,,
Hailee Steinfeld,leadVoice,S10030,CO0221,RO0047,,,,,,,,,,,,,,,,,,,,,
Alesso Kevins,producer,S10030,CO0011,RO0062,,,,,,,,,,,,,,,,,,,,,
Brian Cinderhearts,producer,S10030,CO0074,RO0062,,,,,,,,,,,,,,,,,,,,,
Noah40Shebib,keyboard,S10031,CO0459,RO0044,,,,,,,,,,,,,,,,,,,,,
Boi-1da,lyricist,S10031,CO0070,RO0049,,,,,,,,,,,,,,,,,,,,,
Brock Korsan,lyricist,S10031,CO0079,RO0049,,,,,,,,,,,,,,,,,,,,,
Cardo,lyricist,S10031,CO0088,RO0049,,,,,,,,,,,,,,,,,,,,,
Drake,lyricist,S10031,CO0165,RO0049,,,,,,,,,,,,,,,,,,,,,
Noah40Shebib,lyricist,S10031,CO0459,RO0049,,,,,,,,,,,,,,,,,,,,,
Yung Exclusive,lyricist,S10031,CO0640,RO0049,,,,,,,,,,,,,,,,,,,,,
Noah40Shebib,additionalProducer,S10031,CO0459,RO0004,,,,,,,,,,,,,,,,,,,,,
Drake,composer,S10031,CO0165,RO0019,,,,,,,,,,,,,,,,,,,,,
Noel Campbell,mixingEngineer,S10031,CO0461,RO0054,,,,,,,,,,,,,,,,,,,,,
Drake,backgroundVoice,S10031,CO0165,RO0011,,,,,,,,,,,,,,,,,,,,,
Daveon Jackson,drum,S10031,CO0117,RO0028,,,,,,,,,,,,,,,,,,,,,
Ronald LaTour,drum,S10031,CO0530,RO0028,,,,,,,,,,,,,,,,,,,,,
Noah40Shebib,engineer,S10031,CO0459,RO0032,,,,,,,,,,,,,,,,,,,,,
Noel Cadastre,engineer,S10031,CO0460,RO0032,,,,,,,,,,,,,,,,,,,,,
Kevin Gomringer,flute,S10031,CO0338,RO0036,,,,,,,,,,,,,,,,,,,,,
Tim Gomringer,flute,S10031,CO0599,RO0036,,,,,,,,,,,,,,,,,,,,,
Drake,leadVoice,S10031,CO0165,RO0047,,,,,,,,,,,,,,,,,,,,,
Quaz,assistantEngineer,S10031,CO0503,RO0006,,,,,,,,,,,,,,,,,,,,,
Robbie Meza,assistantEngineer,S10031,CO0521,RO0006,,,,,,,,,,,,,,,,,,,,,
Garmaise,dataSanitization,S10031,CO0202,RO0024,,,,,,,,,,,,,,,,,,,,,
Boi-1da,mastering,S10031,CO0070,RO0051,,,,,,,,,,,,,,,,,,,,,
Greg Moffet,assistantMixingEngineer,S10031,CO0215,RO0007,,,,,,,,,,,,,,,,,,,,,
Harley Arsenault,assistantMixingEngineer,S10031,CO0223,RO0007,,,,,,,,,,,,,,,,,,,,,
Ronald Moono,assistantMixingEngineer,S10031,CO0531,RO0007,,,,,,,,,,,,,,,,,,,,,
Boi-1da,producer,S10031,CO0070,RO0062,,,,,,,,,,,,,,,,,,,,,
Cardo,producer,S10031,CO0088,RO0062,,,,,,,,,,,,,,,,,,,,,
Yung Exclusive,producer,S10031,CO0640,RO0062,,,,,,,,,,,,,,,,,,,,,
Luna Gonzalez,dataCollection,S10031,CO0376,RO0023,,,,,,,,,,,,,,,,,,,,,
Lee Alexander,bassGuitar,S10032,CO0356,RO0013,,,,,,,,,,,,,,,,,,,,,
Norah Jones,voice,S10032,CO0463,RO0086,,,,,,,,,,,,,,,,,,,,,
Jesse Harris,lyricist,S10032,CO0286,RO0049,,,,,,,,,,,,,,,,,,,,,
Jesse Harris,composer,S10032,CO0286,RO0019,,,,,,,,,,,,,,,,,,,,,
Arif Mardin,mixingEngineer,S10032,CO0043,RO0054,,,,,,,,,,,,,,,,,,,,,
Jay Newland,mixingEngineer,S10032,CO0276,RO0054,,,,,,,,,,,,,,,,,,,,,
Dan Rieser,drum,S10032,CO0117,RO0028,,,,,,,,,,,,,,,,,,,,,
Jay Newland,engineer,S10032,CO0276,RO0032,,,,,,,,,,,,,,,,,,,,,
Norah Jones,leadVoice,S10032,CO0463,RO0047,,,,,,,,,,,,,,,,,,,,,
Mark Birkey,assistantEngineer,S10032,CO0390,RO0006,,,,,,,,,,,,,,,,,,,,,
Norah Jones,piano,S10032,CO0463,RO0060,,,,,,,,,,,,,,,,,,,,,
Garmaise,dataSanitization,S10032,CO0202,RO0024,,,,,,,,,,,,,,,,,,,,,
Ted Jensen,mastering,S10032,CO0590,RO0051,,,,,,,,,,,,,,,,,,,,,
Arif Mardin,producer,S10032,CO0043,RO0062,,,,,,,,,,,,,,,,,,,,,
Jay Newland,producer,S10032,CO0276,RO0062,,,,,,,,,,,,,,,,,,,,,
Norah Jones,producer,S10032,CO0463,RO0062,,,,,,,,,,,,,,,,,,,,,
Jesse Harris,electricGuitar,S10032,CO0286,RO0031,,,,,,,,,,,,,,,,,,,,,
Jesse Harris,acousticGuitar,S10032,CO0286,RO0001,,,,,,,,,,,,,,,,,,,,,
Maa,dataCollection,S10032,CO0376,RO0023,,,,,,,,,,,,,,,,,,,,,
John Paul jones,bassGuitar,S10033,CO0311,RO0013,,,,,,,,,,,,,,,,,,,,,
Island Studios,studio,S10033,CO0249,RO0073,,,,,,,,,,,,,,,,,,,,,
John Paul Jones,keyboard,S10033,CO0311,RO0044,,,,,,,,,,,,,,,,,,,,,
Jimmy Page,composer,S10033,CO0293,RO0019,,,,,,,,,,,,,,,,,,,,,
Robert Plant,composer,S10033,CO0522,RO0019,,,,,,,,,,,,,,,,,,,,,
Jimmy Page,rhythmGuitar,S10033,CO0293,RO0065,,,,,,,,,,,,,,,,,,,,,
John Bonhman,drum,S10033,CO0302,RO0028,,,,,,,,,,,,,,,,,,,,,
Andy Johns,engineer,S10033,CO0037,RO0032,,,,,,,,,,,,,,,,,,,,,
Diggs,engineer,S10033,CO0117,RO0032,,,,,,,,,,,,,,,,,,,,,
Garmaise,dataSanitization,S10033,CO0202,RO0024,,,,,,,,,,,,,,,,,,,,,
Jimmy Page,producer,S10033,CO0293,RO0062,,,,,,,,,,,,,,,,,,,,,
Jimmy Page,acousticGuitar,S10033,CO0293,RO0001,,,,,,,,,,,,,,,,,,,,,
Machado De Souza,dataCollection,S10033,CO0376,RO0023,,,,,,,,,,,,,,,,,,,,,
Wesley Schultz,lyricist,S10034,CO0629,RO0049,,,,,,,,,,,,,,,,,,,,,
Jeremiah Fraites,lyricist,S10034,CO0281,RO0049,,,,,,,,,,,,,,,,,,,,,
Wesley Schultz,rhythmGuitar,S10034,CO0629,RO0065,,,,,,,,,,,,,,,,,,,,,
Jeremiah Fraites,drum,S10034,CO0281,RO0028,,,,,,,,,,,,,,,,,,,,,
Jeremiah Fraites,piano,S10034,CO0281,RO0060,,,,,,,,,,,,,,,,,,,,,
Garmaise,dataSanitization,S10034,CO0202,RO0024,,,,,,,,,,,,,,,,,,,,,
Bob Ludwig,mastering,S10034,CO0068,RO0051,,,,,,,,,,,,,,,,,,,,,
Jeremiah Fraites,percussion,S10034,CO0281,RO0059,,,,,,,,,,,,,,,,,,,,,
Simone Felice,percussion,S10034,CO0563,RO0059,,,,,,,,,,,,,,,,,,,,,
Chad Cuttill,assistantMixingEngineer,S10034,CO0092,RO0007,,,,,,,,,,,,,,,,,,,,,
Wesley Schultz,tambourine,S10034,CO0629,RO0078,,,,,,,,,,,,,,,,,,,,,
Marshment,dataCollection,S10034,CO0397,RO0023,,,,,,,,,,,,,,,,,,,,,
Ryan Hewitt,grandPiano,S10034,CO0536,RO0039,,,,,,,,,,,,,,,,,,,,,
Bryon Isaacs,bassGuitar,S10034,CO0083,RO0013,,,,,,,,,,,,,,,,,,,,,
Scott Chopps,bassGuitar,S10034,CO0545,RO0013,,,,,,,,,,,,,,,,,,,,,
Jeremiah Fraites,keyboard,S10034,CO0281,RO0044,,,,,,,,,,,,,,,,,,,,,
Wesley Schultz,composer,S10034,CO0629,RO0019,,,,,,,,,,,,,,,,,,,,,
Jeremiah Fraites,composer,S10034,CO0281,RO0019,,,,,,,,,,,,,,,,,,,,,
Ryan Hewitt,mixingEngineer,S10034,CO0536,RO0054,,,,,,,,,,,,,,,,,,,,,
Neyla Pekarek,backgroundVoice,S10034,CO0452,RO0011,,,,,,,,,,,,,,,,,,,,,
Byron Isaacs,backgroundVoice,S10034,CO0085,RO0011,,,,,,,,,,,,,,,,,,,,,
Ryan Hewitt,engineer,S10034,CO0536,RO0032,,,,,,,,,,,,,,,,,,,,,
Wesley Schultz,leadVoice,S10034,CO0629,RO0047,,,,,,,,,,,,,,,,,,,,,
Simone Felice,producer,S10034,CO0563,RO0062,,,,,,,,,,,,,,,,,,,,,
Kanye West,voice,S10035,CO0330,RO0086,,,,,,,,,,,,,,,,,,,,,
JAY-Z,voice,S10035,CO0276,RO0086,,,,,,,,,,,,,,,,,,,,,
The Record Plant,studio,S10035,CO0594,RO0073,,,,,,,,,,,,,,,,,,,,,
Sony Music Studios,studio,S10035,CO0566,RO0073,,,,,,,,,,,,,,,,,,,,,
Andy Chatterley,keyboard,S10035,CO0036,RO0044,,,,,,,,,,,,,,,,,,,,,
JAY-Z,lyricist,S10035,CO0276,RO0049,,,,,,,,,,,,,,,,,,,,,
Bernie Taupin,lyricist,S10035,CO0060,RO0049,,,,,,,,,,,,,,,,,,,,,
Elton John,lyricist,S10035,CO0173,RO0049,,,,,,,,,,,,,,,,,,,,,
Kanye West,lyricist,S10035,CO0330,RO0049,,,,,,,,,,,,,,,,,,,,,
Matt Green,engineer,S10035,CO0404,RO0032,,,,,,,,,,,,,,,,,,,,,
Nate Hertweck,engineer,S10035,CO0447,RO0032,,,,,,,,,,,,,,,,,,,,,
Jason Agel,engineer,S10035,CO0271,RO0032,,,,,,,,,,,,,,,,,,,,,
Bram Tobey,engineer,S10035,CO0072,RO0032,,,,,,,,,,,,,,,,,,,,,
Garmaise,dataSanitization,S10035,CO0202,RO0024,,,,,,,,,,,,,,,,,,,,,
Murillo,dataCollection,S10035,CO0444,RO0023,,,,,,,,,,,,,,,,,,,,,
Mike Truman,keyboard,S10036,CO0439,RO0044,,,,,,,,,,,,,,,,,,,,,
Chris Healings,keyboard,S10036,CO0103,RO0044,,,,,,,,,,,,,,,,,,,,,
Mike Truman,lyricist,S10036,CO0439,RO0049,,,,,,,,,,,,,,,,,,,,,
Chris Healings,lyricist,S10036,CO0103,RO0049,,,,,,,,,,,,,,,,,,,,,
Lee Mullin,lyricist,S10036,CO0357,RO0049,,,,,,,,,,,,,,,,,,,,,
Mike Truman,mixingEngineer,S10036,CO0439,RO0054,,,,,,,,,,,,,,,,,,,,,
Lee Mullin,drum,S10036,CO0357,RO0028,,,,,,,,,,,,,,,,,,,,,
Russian Federal Orchestra,brass,S10036,CO0535,RO0014,,,,,,,,,,,,,,,,,,,,,
Mike Truman,engineer,S10036,CO0439,RO0032,,,,,,,,,,,,,,,,,,,,,
Russian Federal Orchestra,strings,S10036,CO0535,RO0072,,,,,,,,,,,,,,,,,,,,,
Garmaise,dataSanitization,S10036,CO0202,RO0024,,,,,,,,,,,,,,,,,,,,,
Chris Healings,soundDesign,S10036,CO0103,RO0069,,,,,,,,,,,,,,,,,,,,,
Mike Truman,mastering,S10036,CO0439,RO0051,,,,,,,,,,,,,,,,,,,,,
Lee Mullin,percussion,S10036,CO0357,RO0059,,,,,,,,,,,,,,,,,,,,,
Hybrid,producer,S10036,CO0241,RO0062,,,,,,,,,,,,,,,,,,,,,
Obadia,dataCollection,S10036,CO0465,RO0023,,,,,,,,,,,,,,,,,,,,,
Ron Champagne,additionalEngineer,S10037,CO0529,RO0002,,,,,,,,,,,,,,,,,,,,,
Dave Jerden,mixingEngineer,S10037,CO0117,RO0054,,,,,,,,,,,,,,,,,,,,,
Jerry Cantrell,backgroundVoice,S10037,CO0284,RO0011,,,,,,,,,,,,,,,,,,,,,
Kevin Shuss,backgroundVoice,S10037,CO0340,RO0011,,,,,,,,,,,,,,,,,,,,,
Sean Kinney,backgroundVoice,S10037,CO0549,RO0011,,,,,,,,,,,,,,,,,,,,,
Jerry Cantrell,guitar,S10037,CO0284,RO0040,,,,,,,,,,,,,,,,,,,,,
Layne Staley,leadVoice,S10037,CO0355,RO0047,,,,,,,,,,,,,,,,,,,,,
Bob Lacivita,assistantEngineer,S10037,CO0067,RO0006,,,,,,,,,,,,,,,,,,,,,
Leslie Ann Jones,assistantEngineer,S10037,CO0365,RO0006,,,,,,,,,,,,,,,,,,,,,
Mike Starr,bass,S10037,CO0438,RO0012,,,,,,,,,,,,,,,,,,,,,
Garmaise,dataSanitization,S10037,CO0202,RO0024,,,,,,,,,,,,,,,,,,,,,
Eddy Schreyer,mastering,S10037,CO0170,RO0051,,,,,,,,,,,,,,,,,,,,,
Sean Kinney,percussion,S10037,CO0549,RO0059,,,,,,,,,,,,,,,,,,,,,
Dave Jerden,producer,S10037,CO0117,RO0062,,,,,,,,,,,,,,,,,,,,,
Onipchenko,dataCollection,S10037,CO0469,RO0023,,,,,,,,,,,,,,,,,,,,,
Jaime Preciado,bassGuitar,S10038,CO0260,RO0013,,,,,,,,,,,,,,,,,,,,,
Dave Yaden,keyboard,S10038,CO0117,RO0044,,,,,,,,,,,,,,,,,,,,,
Mike Fuentes,lyricist,S10038,CO0435,RO0049,,,,,,,,,,,,,,,,,,,,,
Vic Fuentes,lyricist,S10038,CO0623,RO0049,,,,,,,,,,,,,,,,,,,,,
Steven S Miller,lyricist,S10038,CO0579,RO0049,,,,,,,,,,,,,,,,,,,,,
Curtis Peoples,lyricist,S10038,CO0115,RO0049,,,,,,,,,,,,,,,,,,,,,
Tony Perry,lyricist,S10038,CO0611,RO0049,,,,,,,,,,,,,,,,,,,,,
Jaime Preciado,lyricist,S10038,CO0260,RO0049,,,,,,,,,,,,,,,,,,,,,
Kellin Quinn,lyricist,S10038,CO0333,RO0049,,,,,,,,,,,,,,,,,,,,,
Ralf Scheepers,composer,S10038,CO0509,RO0019,,,,,,,,,,,,,,,,,,,,,
Magnus Karlsson,composer,S10038,CO0382,RO0019,,,,,,,,,,,,,,,,,,,,,
Mat Sinner,composer,S10038,CO0401,RO0019,,,,,,,,,,,,,,,,,,,,,
Mike Fuentes,drum,S10038,CO0435,RO0028,,,,,,,,,,,,,,,,,,,,,
Brian Robbins,digitalEditing,S10038,CO0078,RO0025,,,,,,,,,,,,,,,,,,,,,
Jim Romano,digitalEditing,S10038,CO0291,RO0025,,,,,,,,,,,,,,,,,,,,,
Alex Prieto,digitalEditing,S10038,CO0013,RO0025,,,,,,,,,,,,,,,,,,,,,
Brian Robbins,engineer,S10038,CO0078,RO0032,,,,,,,,,,,,,,,,,,,,,
John Bender,engineer,S10038,CO0301,RO0032,,,,,,,,,,,,,,,,,,,,,
Jim Romano,engineer,S10038,CO0291,RO0032,,,,,,,,,,,,,,,,,,,,,
Vic Fuentes,leadVoice,S10038,CO0623,RO0047,,,,,,,,,,,,,,,,,,,,,
Kellin Quinn,leadVoice,S10038,CO0333,RO0047,,,,,,,,,,,,,,,,,,,,,
Garmaise,dataSanitization,S10038,CO0202,RO0024,,,,,,,,,,,,,,,,,,,,,
Ted Jensen,mastering,S10038,CO0590,RO0051,,,,,,,,,,,,,,,,,,,,,
Eddie Fisher,percussion,S10038,CO0168,RO0059,,,,,,,,,,,,,,,,,,,,,
Dan Korneff,producer,S10038,CO0117,RO0062,,,,,,,,,,,,,,,,,,,,,
Kato Khandwala,producer,S10038,CO0331,RO0062,,,,,,,,,,,,,,,,,,,,,
Vic Fuentes,acousticGuitar,S10038,CO0623,RO0001,,,,,,,,,,,,,,,,,,,,,
Tony Perry,acousticGuitar,S10038,CO0611,RO0001,,,,,,,,,,,,,,,,,,,,,
Orfanidis,dataCollection,S10038,CO0470,RO0023,,,,,,,,,,,,,,,,,,,,,
Damon Albarn,voice,S10039,CO0117,RO0086,,,,,,,,,,,,,,,,,,,,,
Damon Albarn,synthesizer,S10039,CO0117,RO0076,,,,,,,,,,,,,,,,,,,,,
Damon Albarn,lyricist,S10039,CO0117,RO0049,,,,,,,,,,,,,,,,,,,,,
Jason Cox,mixing,S10039,CO0272,RO0052,,,,,,,,,,,,,,,,,,,,,
Damon Albarn,loops,S10039,CO0117,RO0048,,,,,,,,,,,,,,,,,,,,,
Damon Albarn,drum,S10039,CO0117,RO0028,,,,,,,,,,,,,,,,,,,,,
Gabriel Manuals Wallace,drum,S10039,CO0198,RO0028,,,,,,,,,,,,,,,,,,,,,
Damon Albarn,guitar,S10039,CO0117,RO0040,,,,,,,,,,,,,,,,,,,,,
Jason Cox,recordingEngineer,S10039,CO0272,RO0064,,,,,,,,,,,,,,,,,,,,,
Stephen Sedgwick,recordingEngineer,S10039,CO0572,RO0064,,,,,,,,,,,,,,,,,,,,,
Garmaise,dataSanitization,S10039,CO0202,RO0024,,,,,,,,,,,,,,,,,,,,,
Howie Weinberg,mastering,S10039,CO0236,RO0051,,,,,,,,,,,,,,,,,,,,,
Gorillaz,producer,S10039,CO0210,RO0062,,,,,,,,,,,,,,,,,,,,,
Stephen Sedgwick,programming,S10039,CO0572,RO0063,,,,,,,,,,,,,,,,,,,,,
Pereira Costa,dataCollection,S10039,CO0485,RO0023,,,,,,,,,,,,,,,,,,,,,
Greg Camp,lyricist,S10040,CO0212,RO0049,,,,,,,,,,,,,,,,,,,,,
Greg Camp,rhythmGuitar,S10040,CO0212,RO0065,,,,,,,,,,,,,,,,,,,,,
Michael Urbano,drum,S10040,CO0429,RO0028,,,,,,,,,,,,,,,,,,,,,
Garmaise,dataSanitization,S10040,CO0202,RO0024,,,,,,,,,,,,,,,,,,,,,
Brian Gardner,mastering,S10040,CO0075,RO0051,,,,,,,,,,,,,,,,,,,,,
Kevin Coleman,percussion,S10040,CO0336,RO0059,,,,,,,,,,,,,,,,,,,,,
Greg Camp,acousticGuitar,S10040,CO0212,RO0001,,,,,,,,,,,,,,,,,,,,,
Pontolillo,dataCollection,S10040,CO0500,RO0023,,,,,,,,,,,,,,,,,,,,,
Paul De Lisle,bassGuitar,S10040,CO0477,RO0013,,,,,,,,,,,,,,,,,,,,,
Greg Camp,keyboard,S10040,CO0212,RO0044,,,,,,,,,,,,,,,,,,,,,
Greg Camp,composer,S10040,CO0212,RO0019,,,,,,,,,,,,,,,,,,,,,
Eric Valentine,mixingEngineer,S10040,CO0182,RO0054,,,,,,,,,,,,,,,,,,,,,
Paul De Lisle,backgroundVoice,S10040,CO0477,RO0011,,,,,,,,,,,,,,,,,,,,,
Greg Camp,backgroundVoice,S10040,CO0212,RO0011,,,,,,,,,,,,,,,,,,,,,
Trevor Adkinson,engineer,S10040,CO0614,RO0032,,,,,,,,,,,,,,,,,,,,,
Eric Valentine,engineer,S10040,CO0182,RO0032,,,,,,,,,,,,,,,,,,,,,
Steve Harwell,leadVoice,S10040,CO0574,RO0047,,,,,,,,,,,,,,,,,,,,,
Trevor Adkinson,assistantEngineer,S10040,CO0614,RO0006,,,,,,,,,,,,,,,,,,,,,
Eric Valentine,producer,S10040,CO0182,RO0062,,,,,,,,,,,,,,,,,,,,,
James Valentine,leadGuitar,S10041,CO0266,RO0046,,,,,,,,,,,,,,,,,,,,,
Adam Levine,lyricist,S10041,CO0001,RO0049,,,,,,,,,,,,,,,,,,,,,
Shellback,lyricist,S10041,CO0558,RO0049,,,,,,,,,,,,,,,,,,,,,
Benjamin Levin,lyricist,S10041,CO0056,RO0049,,,,,,,,,,,,,,,,,,,,,
Serban Ghenea,mixing,S10041,CO0552,RO0052,,,,,,,,,,,,,,,,,,,,,
Jesse Carmichael,rhythmGuitar,S10041,CO0285,RO0065,,,,,,,,,,,,,,,,,,,,,
Jesse Carmichael,keyboardAndSynthesizer,S10041,CO0285,RO0045,,,,,,,,,,,,,,,,,,,,,
PJ Morton,keyboardAndSynthesizer,S10041,CO0499,RO0045,,,,,,,,,,,,,,,,,,,,,
Garmaise,dataSanitization,S10041,CO0202,RO0024,,,,,,,,,,,,,,,,,,,,,
Matt Flynn,percussion,S10041,CO0403,RO0059,,,,,,,,,,,,,,,,,,,,,
Shellback,programming,S10041,CO0558,RO0063,,,,,,,,,,,,,,,,,,,,,
Prasanna,dataCollection,S10041,CO0502,RO0023,,,,,,,,,,,,,,,,,,,,,
Mickey Madden,bassGuitar,S10041,CO0431,RO0013,,,,,,,,,,,,,,,,,,,,,
Shellback,voiceRecording,S10041,CO0558,RO0088,,,,,,,,,,,,,,,,,,,,,
Max Martin,voiceRecording,S10041,CO0417,RO0088,,,,,,,,,,,,,,,,,,,,,
Adam Levine,composer,S10041,CO0001,RO0019,,,,,,,,,,,,,,,,,,,,,
John Hanes,mixingEngineer,S10041,CO0306,RO0054,,,,,,,,,,,,,,,,,,,,,
Shellback,backgroundVoice,S10041,CO0558,RO0011,,,,,,,,,,,,,,,,,,,,,
Noah Passovoy,engineer,S10041,CO0458,RO0032,,,,,,,,,,,,,,,,,,,,,
Adam Levine,leadVoice,S10041,CO0001,RO0047,,,,,,,,,,,,,,,,,,,,,
Eric Eylands,assistantEngineer,S10041,CO0181,RO0006,,,,,,,,,,,,,,,,,,,,,
Tim Roberts,assistantEngineer,S10041,CO0601,RO0006,,,,,,,,,,,,,,,,,,,,,
Shellback,producer,S10041,CO0558,RO0062,,,,,,,,,,,,,,,,,,,,,
Buddy Ross,keyboard,S10042,CO0084,RO0044,,,,,,,,,,,,,,,,,,,,,
Jon Brion,keyboard,S10042,CO0316,RO0044,,,,,,,,,,,,,,,,,,,,,
Malay Ho,keyboard,S10042,CO0385,RO0044,,,,,,,,,,,,,,,,,,,,,
The Influence,lyricist,S10042,CO0594,RO0049,,,,,,,,,,,,,,,,,,,,,
John Lennon,lyricist,S10042,CO0307,RO0049,,,,,,,,,,,,,,,,,,,,,
Paul McCartney,lyricist,S10042,CO0481,RO0049,,,,,,,,,,,,,,,,,,,,,
Malay,lyricist,S10042,CO0384,RO0049,,,,,,,,,,,,,,,,,,,,,
Kanye West,lyricist,S10042,CO0330,RO0049,,,,,,,,,,,,,,,,,,,,,
Frank Ocean,lyricist,S10042,CO0194,RO0049,,,,,,,,,,,,,,,,,,,,,
Frank Ocean,composer,S10042,CO0194,RO0019,,,,,,,,,,,,,,,,,,,,,
Tom Elmhirst,mixingEngineer,S10042,CO0606,RO0054,,,,,,,,,,,,,,,,,,,,,
Kanye West,backgroundVoice,S10042,CO0330,RO0011,,,,,,,,,,,,,,,,,,,,,
Sebastian Akchot??,drum,S10042,CO0550,RO0028,,,,,,,,,,,,,,,,,,,,,
Jeff Ellis,engineer,S10042,CO0278,RO0032,,,,,,,,,,,,,,,,,,,,,
Frank Ocean,leadVoice,S10042,CO0194,RO0047,,,,,,,,,,,,,,,,,,,,,
Garmaise,dataSanitization,S10042,CO0202,RO0024,,,,,,,,,,,,,,,,,,,,,
Frank Ocean,producer,S10042,CO0194,RO0062,,,,,,,,,,,,,,,,,,,,,
Jon Brion,producer,S10042,CO0316,RO0062,,,,,,,,,,,,,,,,,,,,,
Om'Mas Keith,producer,S10042,CO0467,RO0062,,,,,,,,,,,,,,,,,,,,,
Alex Giannascoli,acousticGuitar,S10042,CO0012,RO0001,,,,,,,,,,,,,,,,,,,,,
Rabanal,dataCollection,S10042,CO0504,RO0023,,,,,,,,,,,,,,,,,,,,,
Philip Lawrence,lyricist,S10043,CO0498,RO0049,,,,,,,,,,,,,,,,,,,,,
Ari Levine,lyricist,S10043,CO0042,RO0049,,,,,,,,,,,,,,,,,,,,,
Bruno Mars,rhythmGuitar,S10043,CO0081,RO0065,,,,,,,,,,,,,,,,,,,,,
Emile Haynie,drum,S10043,CO0174,RO0028,,,,,,,,,,,,,,,,,,,,,
Garmaise,dataSanitization,S10043,CO0202,RO0024,,,,,,,,,,,,,,,,,,,,,
Manny Marroquin,mastering,S10043,CO0386,RO0051,,,,,,,,,,,,,,,,,,,,,
David Kutch,mastering,S10043,CO0117,RO0051,,,,,,,,,,,,,,,,,,,,,
Homer Steinweiss,percussion,S10043,CO0235,RO0059,,,,,,,,,,,,,,,,,,,,,
Manny Marroquin,assistantMixingEngineer,S10043,CO0386,RO0007,,,,,,,,,,,,,,,,,,,,,
Bruno Mars,acousticGuitar,S10043,CO0081,RO0001,,,,,,,,,,,,,,,,,,,,,
Ramirez Mejia,dataCollection,S10043,CO0510,RO0023,,,,,,,,,,,,,,,,,,,,,
Nick Movshon,bassGuitar,S10043,CO0455,RO0013,,,,,,,,,,,,,,,,,,,,,
Jeff Bhasker,keyboard,S10043,CO0277,RO0044,,,,,,,,,,,,,,,,,,,,,
Mark Ronson,composer,S10043,CO0394,RO0019,,,,,,,,,,,,,,,,,,,,,
Manny Marroquin,mixingEngineer,S10043,CO0386,RO0054,,,,,,,,,,,,,,,,,,,,,
Bruno Mars,backgroundVoice,S10043,CO0081,RO0011,,,,,,,,,,,,,,,,,,,,,
David Kutch,engineer,S10043,CO0117,RO0032,,,,,,,,,,,,,,,,,,,,,
Bruno Mars,leadVoice,S10043,CO0081,RO0047,,,,,,,,,,,,,,,,,,,,,
Charles Moniz,assistantEngineer,S10043,CO0095,RO0006,,,,,,,,,,,,,,,,,,,,,
The Smeezingtons,producer,S10043,CO0596,RO0062,,,,,,,,,,,,,,,,,,,,,
Mark Ronson,producer,S10043,CO0394,RO0062,,,,,,,,,,,,,,,,,,,,,
Jeff Bhasker,producer,S10043,CO0277,RO0062,,,,,,,,,,,,,,,,,,,,,
Emile Haynie,producer,S10043,CO0174,RO0062,,,,,,,,,,,,,,,,,,,,,
Trident,studio,S10044,CO0615,RO0073,,,,,,,,,,,,,,,,,,,,,
Freddie Mercury,lyricist,S10044,CO0197,RO0049,,,,,,,,,,,,,,,,,,,,,
Roger Taylor,drum,S10044,CO0528,RO0028,,,,,,,,,,,,,,,,,,,,,
Roger Taylor,triangle,S10044,CO0528,RO0080,,,,,,,,,,,,,,,,,,,,,
Garmaise,dataSanitization,S10044,CO0202,RO0024,,,,,,,,,,,,,,,,,,,,,
Grandmaster ofMastering,mastering,S10044,CO0211,RO0051,,,,,,,,,,,,,,,,,,,,,
Gob Glutton,assistantMixingEngineer,S10044,CO0208,RO0007,,,,,,,,,,,,,,,,,,,,,
Rayvich,dataCollection,S10044,CO0513,RO0023,,,,,,,,,,,,,,,,,,,,,
Freddie Mercury,grandPiano,S10044,CO0197,RO0039,,,,,,,,,,,,,,,,,,,,,
John Deacon,bassGuitar,S10044,CO0303,RO0013,,,,,,,,,,,,,,,,,,,,,
Freddie Mercury,composer,S10044,CO0197,RO0019,,,,,,,,,,,,,,,,,,,,,
Mixy Twixy,mixingEngineer,S10044,CO0443,RO0054,,,,,,,,,,,,,,,,,,,,,
Freddie mercury,backgroundVoice,S10044,CO0197,RO0011,,,,,,,,,,,,,,,,,,,,,
Brian May,backgroundVoice,S10044,CO0077,RO0011,,,,,,,,,,,,,,,,,,,,,
Roger Taylor,backgroundVoice,S10044,CO0528,RO0011,,,,,,,,,,,,,,,,,,,,,
Roger Taylor,chimes,S10044,CO0528,RO0016,,,,,,,,,,,,,,,,,,,,,
William Williams,engineer,S10044,CO0632,RO0032,,,,,,,,,,,,,,,,,,,,,
Freddie Mercury,leadVoice,S10044,CO0197,RO0047,,,,,,,,,,,,,,,,,,,,,
Bob Blutton,assistantEngineer,S10044,CO0066,RO0006,,,,,,,,,,,,,,,,,,,,,
Freddie Mercury,tackPiano,S10044,CO0197,RO0077,,,,,,,,,,,,,,,,,,,,,
Roy Thomas Baker,producer,S10044,CO0533,RO0062,,,,,,,,,,,,,,,,,,,,,
Brian May,electricGuitar,S10044,CO0077,RO0031,,,,,,,,,,,,,,,,,,,,,
Neil Jason,bassGuitar,S10045,CO0450,RO0013,,,,,,,,,,,,,,,,,,,,,
Rob Hyman,keyboard,S10045,CO0520,RO0044,,,,,,,,,,,,,,,,,,,,,
Peter Wood,synthesizer,S10045,CO0491,RO0076,,,,,,,,,,,,,,,,,,,,,
Cyndi Lauper,lyricist,S10045,CO0117,RO0049,,,,,,,,,,,,,,,,,,,,,
Rob Hyman,lyricist,S10045,CO0520,RO0049,,,,,,,,,,,,,,,,,,,,,
Rob Hyman,composer,S10045,CO0520,RO0019,,,,,,,,,,,,,,,,,,,,,
Cyndi Lauper,composer,S10045,CO0117,RO0019,,,,,,,,,,,,,,,,,,,,,
Rob Hyman,backgroundVoice,S10045,CO0520,RO0011,,,,,,,,,,,,,,,,,,,,,
Cyndi Lauper,backgroundVoice,S10045,CO0117,RO0011,,,,,,,,,,,,,,,,,,,,,
Anton Fig,drum,S10045,CO0041,RO0028,,,,,,,,,,,,,,,,,,,,,
William Wittman,associateProducer,S10045,CO0633,RO0009,,,,,,,,,,,,,,,,,,,,,
William Wittman,engineer,S10045,CO0633,RO0032,,,,,,,,,,,,,,,,,,,,,
Cyndi Lauper,leadVoice,S10045,CO0117,RO0047,,,,,,,,,,,,,,,,,,,,,
Lennie Petze,executiveProducer,S10045,CO0361,RO0033,,,,,,,,,,,,,,,,,,,,,
Garmaise,dataSanitization,S10045,CO0202,RO0024,,,,,,,,,,,,,,,,,,,,,
Rick Chertoff,producer,S10045,CO0515,RO0062,,,,,,,,,,,,,,,,,,,,,
Eric Bazilian,electricGuitar,S10045,CO0179,RO0031,,,,,,,,,,,,,,,,,,,,,
Robidoux,dataCollection,S10045,CO0524,RO0023,,,,,,,,,,,,,,,,,,,,,
Nick O'Malley,bassGuitar,S10046,CO0456,RO0013,,,,,,,,,,,,,,,,,,,,,
James Ford,keyboard,S10046,CO0263,RO0044,,,,,,,,,,,,,,,,,,,,,
Alex Turner,lyricist,S10046,CO0015,RO0049,,,,,,,,,,,,,,,,,,,,,
Alex Turner,composer,S10046,CO0015,RO0019,,,,,,,,,,,,,,,,,,,,,
Jamie Cook,composer,S10046,CO0267,RO0019,,,,,,,,,,,,,,,,,,,,,
Nick O'Malley,composer,S10046,CO0456,RO0019,,,,,,,,,,,,,,,,,,,,,
Matt Helders,composer,S10046,CO0405,RO0019,,,,,,,,,,,,,,,,,,,,,
Tchad Blake,mixingEngineer,S10046,CO0588,RO0054,,,,,,,,,,,,,,,,,,,,,
Nick O'Malley,backgroundVoice,S10046,CO0456,RO0011,,,,,,,,,,,,,,,,,,,,,
Matt Helders,backgroundVoice,S10046,CO0405,RO0011,,,,,,,,,,,,,,,,,,,,,
Matt Helders,drum,S10046,CO0405,RO0028,,,,,,,,,,,,,,,,,,,,,
Ian Shea,engineer,S10046,CO0246,RO0032,,,,,,,,,,,,,,,,,,,,,
Alex Turner,leadVoice,S10046,CO0015,RO0047,,,,,,,,,,,,,,,,,,,,,
Garmaise,dataSanitization,S10046,CO0202,RO0024,,,,,,,,,,,,,,,,,,,,,
Brian Lucey,mastering,S10046,CO0076,RO0051,,,,,,,,,,,,,,,,,,,,,
Matt Helders,percussion,S10046,CO0405,RO0059,,,,,,,,,,,,,,,,,,,,,
James Ford,producer,S10046,CO0263,RO0062,,,,,,,,,,,,,,,,,,,,,
Ross Orton,producer,S10046,CO0532,RO0062,,,,,,,,,,,,,,,,,,,,,
Alex Turner,electricGuitar,S10046,CO0015,RO0031,,,,,,,,,,,,,,,,,,,,,
Jamie Cook,acousticGuitar,S10046,CO0267,RO0001,,,,,,,,,,,,,,,,,,,,,
Sivakolunthu,dataCollection,S10046,CO0564,RO0023,,,,,,,,,,,,,,,,,,,,,
Chris Leonard,bassGuitar,S10047,CO0104,RO0013,,,,,,,,,,,,,,,,,,,,,
Ed Sheeran,voice,S10047,CO0167,RO0086,,,,,,,,,,,,,,,,,,,,,
Jake Gosling,keyboard,S10047,CO0261,RO0044,,,,,,,,,,,,,,,,,,,,,
Ed Sheeran,lyricist,S10047,CO0167,RO0049,,,,,,,,,,,,,,,,,,,,,
Ed Sheeran,composer,S10047,CO0167,RO0019,,,,,,,,,,,,,,,,,,,,,
Mark Stent,mixing,S10047,CO0395,RO0052,,,,,,,,,,,,,,,,,,,,,
Jake Gosling,drum,S10047,CO0261,RO0028,,,,,,,,,,,,,,,,,,,,,
Peter Gosling,piano,S10047,CO0487,RO0060,,,,,,,,,,,,,,,,,,,,,
Garmaise,dataSanitization,S10047,CO0202,RO0024,,,,,,,,,,,,,,,,,,,,,
Stuart Hawkes,mastering,S10047,CO0580,RO0051,,,,,,,,,,,,,,,,,,,,,
Jake Gosling,percussion,S10047,CO0261,RO0059,,,,,,,,,,,,,,,,,,,,,
Jake Gosling,producer,S10047,CO0261,RO0062,,,,,,,,,,,,,,,,,,,,,
Chris Leonard,electricGuitar,S10047,CO0104,RO0031,,,,,,,,,,,,,,,,,,,,,
Chris Leonard,hammondOrgan,S10047,CO0104,RO0041,,,,,,,,,,,,,,,,,,,,,
Ed Sheeran,acousticGuitar,S10047,CO0167,RO0001,,,,,,,,,,,,,,,,,,,,,
Jake Gosling,programming,S10047,CO0261,RO0063,,,,,,,,,,,,,,,,,,,,,
Sologub,dataCollection,S10047,CO0566,RO0023,,,,,,,,,,,,,,,,,,,,,
Taylor Swift,lyricist,S10048,CO0587,RO0049,,,,,,,,,,,,,,,,,,,,,
Liz Rose,lyricist,S10048,CO0370,RO0049,,,,,,,,,,,,,,,,,,,,,
Hillary Lindsey,lyricist,S10048,CO0231,RO0049,,,,,,,,,,,,,,,,,,,,,
Matt Billingslea,drum,S10048,CO0402,RO0028,,,,,,,,,,,,,,,,,,,,,
Mike Meadows,mandolin,S10048,CO0436,RO0050,,,,,,,,,,,,,,,,,,,,,
Garmaise,dataSanitization,S10048,CO0202,RO0024,,,,,,,,,,,,,,,,,,,,,
Randy Merril,mastering,S10048,CO0511,RO0051,,,,,,,,,,,,,,,,,,,,,
Mike Meadows,acousticGuitar,S10048,CO0436,RO0001,,,,,,,,,,,,,,,,,,,,,
Takata,dataCollection,S10048,CO0583,RO0023,,,,,,,,,,,,,,,,,,,,,
Amos Heller,bassGuitar,S10048,CO0027,RO0013,,,,,,,,,,,,,,,,,,,,,
Ryan Tedder,composer,S10048,CO0540,RO0019,,,,,,,,,,,,,,,,,,,,,
Serben Ghenea,mixingEngineer,S10048,CO0553,RO0054,,,,,,,,,,,,,,,,,,,,,
Mike Meadows,backgroundVoice,S10048,CO0436,RO0011,,,,,,,,,,,,,,,,,,,,,
Caitilin Evanson,backgroundVoice,S10048,CO0086,RO0011,,,,,,,,,,,,,,,,,,,,,
Paul Sidoti,backgroundVoice,S10048,CO0483,RO0011,,,,,,,,,,,,,,,,,,,,,
Derek Garten,engineer,S10048,CO0117,RO0032,,,,,,,,,,,,,,,,,,,,,
John Hanes,engineer,S10048,CO0306,RO0032,,,,,,,,,,,,,,,,,,,,,
Lowell Reynolds,engineer,S10048,CO0372,RO0032,,,,,,,,,,,,,,,,,,,,,
Taylor Swift,leadVoice,S10048,CO0587,RO0047,,,,,,,,,,,,,,,,,,,,,
Lowell Reynolds,recordingEngineer,S10048,CO0372,RO0064,,,,,,,,,,,,,,,,,,,,,
David Payne,recordingEngineer,S10048,CO0117,RO0064,,,,,,,,,,,,,,,,,,,,,
John Yudkin,fiddle,S10048,CO0314,RO0034,,,,,,,,,,,,,,,,,,,,,
Christopher Rowe,producer,S10048,CO0109,RO0062,,,,,,,,,,,,,,,,,,,,,
Taylor Swift,producer,S10048,CO0587,RO0062,,,,,,,,,,,,,,,,,,,,,
Paul Sidoti,electricGuitar,S10048,CO0483,RO0031,,,,,,,,,,,,,,,,,,,,,
Max Bernstein,electricGuitar,S10048,CO0415,RO0031,,,,,,,,,,,,,,,,,,,,,
Christopher Rowe,voiceEngineering,S10048,CO0109,RO0087,,,,,,,,,,,,,,,,,,,,,
Jarad Higgins,lyricist,S10049,CO0269,RO0049,,,,,,,,,,,,,,,,,,,,,
Arijan Vujica,lyricist,S10049,CO0044,RO0049,,,,,,,,,,,,,,,,,,,,,
Max Lord,composer,S10049,CO0416,RO0019,,,,,,,,,,,,,,,,,,,,,
Filip Geè?in,composer,S10049,CO0188,RO0019,,,,,,,,,,,,,,,,,,,,,
Manny Marroquin,mixingEngineer,S10049,CO0386,RO0054,,,,,,,,,,,,,,,,,,,,,
Jarad Higgins,leadVoice,S10049,CO0269,RO0047,,,,,,,,,,,,,,,,,,,,,
Garmaise,dataSanitization,S10049,CO0202,RO0024,,,,,,,,,,,,,,,,,,,,,
Tatsuya Sato,mastering,S10049,CO0586,RO0051,,,,,,,,,,,,,,,,,,,,,
Robin Florent,assistantMixingEngineer,S10049,CO0525,RO0007,,,,,,,,,,,,,,,,,,,,,
Jeremie Inhaber,assistantMixingEngineer,S10049,CO0282,RO0007,,,,,,,,,,,,,,,,,,,,,
Chris Galland,assistantMixingEngineer,S10049,CO0100,RO0007,,,,,,,,,,,,,,,,,,,,,
Max Lord,producer,S10049,CO0416,RO0062,,,,,,,,,,,,,,,,,,,,,
Filip Geè?in,producer,S10049,CO0188,RO0062,,,,,,,,,,,,,,,,,,,,,
Tang,dataCollection,S10049,CO0585,RO0023,,,,,,,,,,,,,,,,,,,,,
Wiz Khalifa,lyricist,S10050,CO0634,RO0049,,,,,,,,,,,,,,,,,,,,,
Mikkel Storleer Eriksen,lyricist,S10050,CO0440,RO0049,,,,,,,,,,,,,,,,,,,,,
Tor Erik Hermansen,lyricist,S10050,CO0612,RO0049,,,,,,,,,,,,,,,,,,,,,
Phil Tan,mixingEngineer,S10050,CO0496,RO0054,,,,,,,,,,,,,,,,,,,,,
Damien Lewis,assistantEngineer,S10050,CO0117,RO0006,,,,,,,,,,,,,,,,,,,,,
Stargate,audioEngineer,S10050,CO0569,RO0010,,,,,,,,,,,,,,,,,,,,,
Miles Walker,audioEngineer,S10050,CO0442,RO0010,,,,,,,,,,,,,,,,,,,,,
Stargate,recordingEngineer,S10050,CO0569,RO0064,,,,,,,,,,,,,,,,,,,,,
Miles Walker,recordingEngineer,S10050,CO0442,RO0064,,,,,,,,,,,,,,,,,,,,,
Garmaise,dataSanitization,S10050,CO0202,RO0024,,,,,,,,,,,,,,,,,,,,,
Chris Gehringer,mastering,S10050,CO0102,RO0051,,,,,,,,,,,,,,,,,,,,,
Stargate,producer,S10050,CO0569,RO0062,,,,,,,,,,,,,,,,,,,,,
Tebeng Nzodoum,dataCollection,S10050,CO0589,RO0023,,,,,,,,,,,,,,,,,,,,,
Phil Collins,lyricist,S10051,CO0493,RO0049,,,,,,,,,,,,,,,,,,,,,
Phil Collins,drum,S10051,CO0493,RO0028,,,,,,,,,,,,,,,,,,,,,
Larry Muhoberac,piano,S10051,CO0351,RO0060,,,,,,,,,,,,,,,,,,,,,
Garmaise,dataSanitization,S10051,CO0202,RO0024,,,,,,,,,,,,,,,,,,,,,
Bernie Grundman,mastering,S10051,CO0059,RO0051,,,,,,,,,,,,,,,,,,,,,
Luis Conte,percussion,S10051,CO0374,RO0059,,,,,,,,,,,,,,,,,,,,,
Rob Cavallo,acousticGuitar,S10051,CO0519,RO0001,,,,,,,,,,,,,,,,,,,,,
Carmen Rizzo,programming,S10051,CO0090,RO0063,,,,,,,,,,,,,,,,,,,,,
Toledo,dataCollection,S10051,CO0602,RO0023,,,,,,,,,,,,,,,,,,,,,
John Pierce,bassGuitar,S10051,CO0312,RO0013,,,,,,,,,,,,,,,,,,,,,
Larry Muhoberac,keyboard,S10051,CO0351,RO0044,,,,,,,,,,,,,,,,,,,,,
Phil Collins,composer,S10051,CO0493,RO0019,,,,,,,,,,,,,,,,,,,,,
Chris Lord-Alge,mixingEngineer,S10051,CO0105,RO0054,,,,,,,,,,,,,,,,,,,,,
Phil Collins,backgroundVoice,S10051,CO0493,RO0011,,,,,,,,,,,,,,,,,,,,,
Allen Sides,engineer,S10051,CO0023,RO0032,,,,,,,,,,,,,,,,,,,,,
Phil Collins,leadVoice,S10051,CO0493,RO0047,,,,,,,,,,,,,,,,,,,,,
Phil Collins,producer,S10051,CO0493,RO0062,,,,,,,,,,,,,,,,,,,,,
Rob Cavallo,producer,S10051,CO0519,RO0062,,,,,,,,,,,,,,,,,,,,,
Mark Goldenberg,electricGuitar,S10051,CO0392,RO0031,,,,,,,,,,,,,,,,,,,,,
Tim Pierce,electricGuitar,S10051,CO0600,RO0031,,,,,,,,,,,,,,,,,,,,,
Michael Thompson,electricGuitar,S10051,CO0428,RO0031,,,,,,,,,,,,,,,,,,,,,
Bruno Mars,lyricist,S10052,CO0081,RO0049,,,,,,,,,,,,,,,,,,,,,
Philip Lawrence,lyricist,S10052,CO0498,RO0049,,,,,,,,,,,,,,,,,,,,,
Ari Levine,lyricist,S10052,CO0042,RO0049,,,,,,,,,,,,,,,,,,,,,
Khalil Walton,lyricist,S10052,CO0341,RO0049,,,,,,,,,,,,,,,,,,,,,
Khari Cain,lyricist,S10052,CO0343,RO0049,,,,,,,,,,,,,,,,,,,,,
Bruno Mars,composer,S10052,CO0081,RO0019,,,,,,,,,,,,,,,,,,,,,
Manny Marroquin,mixingEngineer,S10052,CO0386,RO0054,,,,,,,,,,,,,,,,,,,,,
Ari Levine,engineer,S10052,CO0042,RO0032,,,,,,,,,,,,,,,,,,,,,
Garmaise,dataSanitization,S10052,CO0202,RO0024,,,,,,,,,,,,,,,,,,,,,
Stepehn Marcussen,mastering,S10052,CO0570,RO0051,,,,,,,,,,,,,,,,,,,,,
Christian Plata,assistantMixingEngineer,S10052,CO0107,RO0007,,,,,,,,,,,,,,,,,,,,,
Erik Madrid,assistantMixingEngineer,S10052,CO0184,RO0007,,,,,,,,,,,,,,,,,,,,,
The Smeezingtons,producer,S10052,CO0596,RO0062,,,,,,,,,,,,,,,,,,,,,
Needlz,producer,S10052,CO0448,RO0062,,,,,,,,,,,,,,,,,,,,,
Trinh,dataCollection,S10052,CO0616,RO0023,,,,,,,,,,,,,,,,,,,,,
The Weeknd,bassGuitar,S10053,CO0597,RO0013,,,,,,,,,,,,,,,,,,,,,
Max Martin,bassGuitar,S10053,CO0417,RO0013,,,,,,,,,,,,,,,,,,,,,
Oscar Hotler,bassGuitar,S10053,CO0472,RO0013,,,,,,,,,,,,,,,,,,,,,
The Weeknd,lyricist,S10053,CO0597,RO0049,,,,,,,,,,,,,,,,,,,,,
Max Martin,lyricist,S10053,CO0417,RO0049,,,,,,,,,,,,,,,,,,,,,
Oscar Hotler,lyricist,S10053,CO0472,RO0049,,,,,,,,,,,,,,,,,,,,,
The Weeknd,composer,S10053,CO0597,RO0019,,,,,,,,,,,,,,,,,,,,,
John Hanes,mixingEngineer,S10053,CO0306,RO0054,,,,,,,,,,,,,,,,,,,,,
The Weeknd,drum,S10053,CO0597,RO0028,,,,,,,,,,,,,,,,,,,,,
Max Martin,drum,S10053,CO0417,RO0028,,,,,,,,,,,,,,,,,,,,,
Oscar Hotler,drum,S10053,CO0472,RO0028,,,,,,,,,,,,,,,,,,,,,
Shin Kamiyama,engineer,S10053,CO0559,RO0032,,,,,,,,,,,,,,,,,,,,,
The Weeknd,leadVoice,S10053,CO0597,RO0047,,,,,,,,,,,,,,,,,,,,,
Cory Bice,assistantEngineer,S10053,CO0114,RO0006,,,,,,,,,,,,,,,,,,,,,
Jeremy Lertola,assistantEngineer,S10053,CO0283,RO0006,,,,,,,,,,,,,,,,,,,,,
Sean Klein,assistantEngineer,S10053,CO0550,RO0006,,,,,,,,,,,,,,,,,,,,,
Garmaise,dataSanitization,S10053,CO0202,RO0024,,,,,,,,,,,,,,,,,,,,,
Dave Kutch,mastering,S10053,CO0117,RO0051,,,,,,,,,,,,,,,,,,,,,
Kevin Peterson,mastering,S10053,CO0339,RO0051,,,,,,,,,,,,,,,,,,,,,
Max Martin,producer,S10053,CO0417,RO0062,,,,,,,,,,,,,,,,,,,,,
Oscar Hotler,producer,S10053,CO0472,RO0062,,,,,,,,,,,,,,,,,,,,,
The Weeknd,producer,S10053,CO0597,RO0062,,,,,,,,,,,,,,,,,,,,,
Turdalieva,dataCollection,S10053,CO0618,RO0023,,,,,,,,,,,,,,,,,,,,,
Stephan Ellis,bassGuitar,S10054,CO0571,RO0013,,,,,,,,,,,,,,,,,,,,,
Frankie Sullivan,lyricist,S10054,CO0195,RO0049,,,,,,,,,,,,,,,,,,,,,
Jim Peterik,lyricist,S10054,CO0290,RO0049,,,,,,,,,,,,,,,,,,,,,
Ryan Tedder,composer,S10054,CO0540,RO0019,,,,,,,,,,,,,,,,,,,,,
Hill Brim Swimmer,mixingEngineer,S10054,CO0230,RO0054,,,,,,,,,,,,,,,,,,,,,
Frankie Sullivan,backgroundVoice,S10054,CO0195,RO0011,,,,,,,,,,,,,,,,,,,,,
Jim Peterik,backgroundVoice,S10054,CO0290,RO0011,,,,,,,,,,,,,,,,,,,,,
Fergie Fredriksen,backgroundVoice,S10054,CO0187,RO0011,,,,,,,,,,,,,,,,,,,,,
Eddie Fisher,drum,S10054,CO0168,RO0028,,,,,,,,,,,,,,,,,,,,,
Phil Bonanno,engineer,S10054,CO0492,RO0032,,,,,,,,,,,,,,,,,,,,,
Mike Clink,engineer,S10054,CO0433,RO0032,,,,,,,,,,,,,,,,,,,,,
Dave bickler,leadVoice,S10054,CO0117,RO0047,,,,,,,,,,,,,,,,,,,,,
Frankie Sullivan,leadVoice,S10054,CO0195,RO0047,,,,,,,,,,,,,,,,,,,,,
Garmaise,dataSanitization,S10054,CO0202,RO0024,,,,,,,,,,,,,,,,,,,,,
Doug Sax,mastering,S10054,CO0161,RO0051,,,,,,,,,,,,,,,,,,,,,
Marc Droubay,percussion,S10054,CO0387,RO0059,,,,,,,,,,,,,,,,,,,,,
Jim Peterik,producer,S10054,CO0290,RO0062,,,,,,,,,,,,,,,,,,,,,
Frankie Sullivan,producer,S10054,CO0195,RO0062,,,,,,,,,,,,,,,,,,,,,
Jim Peterik,electricGuitar,S10054,CO0290,RO0031,,,,,,,,,,,,,,,,,,,,,
Frankie Sullivan,acousticGuitar,S10054,CO0195,RO0001,,,,,,,,,,,,,,,,,,,,,
Vecchiarelli,dataCollection,S10054,CO0621,RO0023,,,,,,,,,,,,,,,,,,,,,
Josh Alexander,lyricist,S10055,CO0320,RO0049,,,,,,,,,,,,,,,,,,,,,
Billy Steinberg,lyricist,S10055,CO0062,RO0049,,,,,,,,,,,,,,,,,,,,,
Demi Lovato,composer,S10055,CO0117,RO0019,,,,,,,,,,,,,,,,,,,,,
Josh Alexander,mixingEngineer,S10055,CO0320,RO0054,,,,,,,,,,,,,,,,,,,,,
Demi Lovato,backgroundVoice,S10055,CO0117,RO0011,,,,,,,,,,,,,,,,,,,,,
Jaden Michaels,backgroundVoice,S10055,CO0259,RO0011,,,,,,,,,,,,,,,,,,,,,
Josh Alexander,drum,S10055,CO0320,RO0028,,,,,,,,,,,,,,,,,,,,,
Josh Alexander,engineer,S10055,CO0320,RO0032,,,,,,,,,,,,,,,,,,,,,
Chris Garcia,engineer,S10055,CO0101,RO0032,,,,,,,,,,,,,,,,,,,,,
Demi Lovato,leadVoice,S10055,CO0117,RO0047,,,,,,,,,,,,,,,,,,,,,
Garmaise,dataSanitization,S10055,CO0202,RO0024,,,,,,,,,,,,,,,,,,,,,
Robert Vosgien,mastering,S10055,CO0523,RO0051,,,,,,,,,,,,,,,,,,,,,
Josh Alexander,percussion,S10055,CO0320,RO0059,,,,,,,,,,,,,,,,,,,,,
Josh Alexander,producer,S10055,CO0320,RO0062,,,,,,,,,,,,,,,,,,,,,
Billy Steinberg,producer,S10055,CO0062,RO0062,,,,,,,,,,,,,,,,,,,,,
Veloso,dataCollection,S10055,CO0622,RO0023,,,,,,,,,,,,,,,,,,,,,
Shavo Odadjian,bassGuitar,S10056,CO0557,RO0013,,,,,,,,,,,,,,,,,,,,,
Daron Malakian,composer,S10056,CO0117,RO0019,,,,,,,,,,,,,,,,,,,,,
Shavo Odadjian,composer,S10056,CO0557,RO0019,,,,,,,,,,,,,,,,,,,,,
Greg Gordon,mixingEngineer,S10056,CO0214,RO0054,,,,,,,,,,,,,,,,,,,,,
Dave Sardy,mixingEngineer,S10056,CO0117,RO0054,,,,,,,,,,,,,,,,,,,,,
Marcos Siega,director,S10056,CO0389,RO0026,,,,,,,,,,,,,,,,,,,,,
John Dolmayan,drum,S10056,CO0304,RO0028,,,,,,,,,,,,,,,,,,,,,
Greg Collins,engineer,S10056,CO0213,RO0032,,,,,,,,,,,,,,,,,,,,,
Doug ˇHnederson,engineer,S10056,CO0159,RO0032,,,,,,,,,,,,,,,,,,,,,
Darren Mora,engineer,S10056,CO0117,RO0032,,,,,,,,,,,,,,,,,,,,,
Mark Mann,conductor,S10056,CO0393,RO0022,,,,,,,,,,,,,,,,,,,,,
Serj tankian,leadVoice,S10056,CO0555,RO0047,,,,,,,,,,,,,,,,,,,,,
Daron Malkaian,leadVoice,S10056,CO0117,RO0047,,,,,,,,,,,,,,,,,,,,,
Ryan McCormick,assistantEngineer,S10056,CO0539,RO0006,,,,,,,,,,,,,,,,,,,,,
Darren Mora,assistantEngineer,S10056,CO0117,RO0006,,,,,,,,,,,,,,,,,,,,,
Al Sanderson,assistantEngineer,S10056,CO0005,RO0006,,,,,,,,,,,,,,,,,,,,,
Mark Mann,stringArangements,S10056,CO0393,RO0070,,,,,,,,,,,,,,,,,,,,,
Rick Rubin,piano,S10056,CO0517,RO0060,,,,,,,,,,,,,,,,,,,,,
Garmaise,dataSanitization,S10056,CO0202,RO0024,,,,,,,,,,,,,,,,,,,,,
Chris Gehringer,mastering,S10056,CO0102,RO0051,,,,,,,,,,,,,,,,,,,,,
Will Quinnell,mastering,S10056,CO0631,RO0051,,,,,,,,,,,,,,,,,,,,,
Vladmimir Meller,mastering,S10056,CO0625,RO0051,,,,,,,,,,,,,,,,,,,,,
Daron Malkaian,producer,S10056,CO0117,RO0062,,,,,,,,,,,,,,,,,,,,,
Rick Rubin,producer,S10056,CO0517,RO0062,,,,,,,,,,,,,,,,,,,,,
Serj Tankian,producer,S10056,CO0555,RO0062,,,,,,,,,,,,,,,,,,,,,
Dave Sardy,producer,S10056,CO0117,RO0062,,,,,,,,,,,,,,,,,,,,,
Daron Malkaian,electricGuitar,S10056,CO0117,RO0031,,,,,,,,,,,,,,,,,,,,,
Voskerchyan,dataCollection,S10056,CO0626,RO0023,,,,,,,,,,,,,,,,,,,,,
Kim Subin,bassGuitar,S10057,CO0345,RO0013,,,,,,,,,,,,,,,,,,,,,
Lee Sun Kyoung,bassGuitar,S10057,CO0358,RO0013,,,,,,,,,,,,,,,,,,,,,
Park Jun Tae,bassGuitar,S10057,CO0473,RO0013,,,,,,,,,,,,,,,,,,,,,
V,voice,S10057,CO0620,RO0086,,,,,,,,,,,,,,,,,,,,,
Jungkook,voice,S10057,CO0325,RO0086,,,,,,,,,,,,,,,,,,,,,
RM,voice,S10057,CO0518,RO0086,,,,,,,,,,,,,,,,,,,,,
J-hope,voice,S10057,CO0288,RO0086,,,,,,,,,,,,,,,,,,,,,
Jin,voice,S10057,CO0294,RO0086,,,,,,,,,,,,,,,,,,,,,
Suga,voice,S10057,CO0582,RO0086,,,,,,,,,,,,,,,,,,,,,
Jimin,voice,S10057,CO0292,RO0086,,,,,,,,,,,,,,,,,,,,,
Jungkook,lyricist,S10057,CO0325,RO0049,,,,,,,,,,,,,,,,,,,,,
Pdogg,lyricist,S10057,CO0484,RO0049,,,,,,,,,,,,,,,,,,,,,
Hitman Bang,lyricist,S10057,CO0233,RO0049,,,,,,,,,,,,,,,,,,,,,
Suga,lyricist,S10057,CO0582,RO0049,,,,,,,,,,,,,,,,,,,,,
Emily Weisband,lyricist,S10057,CO0176,RO0049,,,,,,,,,,,,,,,,,,,,,
Melanie Fontana,composer,S10057,CO0419,RO0019,,,,,,,,,,,,,,,,,,,,,
Hyunwoo Nam,mixingEngineer,S10057,CO0243,RO0054,,,,,,,,,,,,,,,,,,,,,
Park Jin Hee,engineer,S10057,CO0473,RO0032,,,,,,,,,,,,,,,,,,,,,
Alex Williams,engineer,S10057,CO0016,RO0032,,,,,,,,,,,,,,,,,,,,,
RM,engineer,S10057,CO0518,RO0032,,,,,,,,,,,,,,,,,,,,,
Lee Taewook,guitar,S10057,CO0359,RO0040,,,,,,,,,,,,,,,,,,,,,
BTS,leadVoice,S10057,CO0083,RO0047,,,,,,,,,,,,,,,,,,,,,
Halsey,leadVoice,S10057,CO0222,RO0047,,,,,,,,,,,,,,,,,,,,,
Michael Park,assistantEngineer,S10057,CO0425,RO0006,,,,,,,,,,,,,,,,,,,,,
Garmaise,dataSanitization,S10057,CO0202,RO0024,,,,,,,,,,,,,,,,,,,,,
Adora,assistantMixingEngineer,S10057,CO0003,RO0007,,,,,,,,,,,,,,,,,,,,,
YongSeok Choi,producer,S10057,CO0636,RO0062,,,,,,,,,,,,,,,,,,,,,
Jihye Yoon,producer,S10057,CO0289,RO0062,,,,,,,,,,,,,,,,,,,,,
HyeJeong Park,producer,S10057,CO0242,RO0062,,,,,,,,,,,,,,,,,,,,,
Yeri Kang,acousticGuitar,S10057,CO0635,RO0001,,,,,,,,,,,,,,,,,,,,,
Vu,dataCollection,S10057,CO0627,RO0023,,,,,,,,,,,,,,,,,,,,,
